read_id,original_length,post_quality_length,post_adapter_length,final_length,quality_bases_removed,adapter_bases_removed,total_bases_removed,status
SRR13921545.1,100,100,100,100,0,0,0,retained
SRR13921545.2,100,100,100,100,0,0,0,retained
SRR13921545.3,100,100,100,100,0,0,0,retained
SRR13921545.4,100,100,100,100,0,0,0,retained
SRR13921545.5,100,100,100,100,0,0,0,retained
SRR13921545.6,100,100,100,100,0,0,0,retained
SRR13921545.7,100,100,100,100,0,0,0,retained
SRR13921545.8,100,100,100,100,0,0,0,retained
SRR13921545.9,100,100,100,100,0,0,0,retained
SRR13921545.10,100,100,100,100,0,0,0,retained
SRR13921545.11,100,100,100,100,0,0,0,retained
SRR13921545.12,100,100,100,100,0,0,0,retained
SRR13921545.13,100,100,100,100,0,0,0,retained
SRR13921545.14,100,100,100,100,0,0,0,retained
SRR13921545.15,100,100,100,100,0,0,0,retained
SRR13921545.16,100,100,100,100,0,0,0,retained
SRR13921545.17,100,100,100,100,0,0,0,retained
SRR13921545.18,100,100,100,100,0,0,0,retained
SRR13921545.19,100,100,100,100,0,0,0,retained
SRR13921545.20,100,100,100,100,0,0,0,retained
SRR13921545.21,100,100,100,100,0,0,0,retained
SRR13921545.22,100,100,100,100,0,0,0,retained
SRR13921545.23,100,100,100,100,0,0,0,retained
SRR13921545.24,100,100,100,100,0,0,0,retained
SRR13921545.25,100,100,100,100,0,0,0,retained
SRR13921545.26,100,100,100,100,0,0,0,retained
SRR13921545.27,100,100,100,100,0,0,0,retained
SRR13921545.28,100,100,100,100,0,0,0,retained
SRR13921545.29,100,100,100,100,0,0,0,retained
SRR13921545.30,100,100,100,100,0,0,0,retained
SRR13921545.31,100,100,100,100,0,0,0,retained
SRR13921545.32,100,100,100,100,0,0,0,retained
SRR13921545.33,100,100,100,100,0,0,0,retained
SRR13921545.34,100,100,100,100,0,0,0,retained
SRR13921545.35,100,100,100,100,0,0,0,retained
SRR13921545.36,100,100,100,100,0,0,0,retained
SRR13921545.37,100,100,100,100,0,0,0,retained
SRR13921545.38,100,100,100,100,0,0,0,retained
SRR13921545.39,100,100,100,100,0,0,0,retained
SRR13921545.40,100,100,100,100,0,0,0,retained
SRR13921545.41,100,100,100,100,0,0,0,retained
SRR13921545.42,100,100,100,100,0,0,0,retained
SRR13921545.43,100,100,100,100,0,0,0,retained
SRR13921545.44,100,100,100,100,0,0,0,retained
SRR13921545.45,100,100,100,100,0,0,0,retained
SRR13921545.46,100,100,100,100,0,0,0,retained
SRR13921545.47,100,100,100,100,0,0,0,retained
SRR13921545.48,100,100,100,100,0,0,0,retained
SRR13921545.49,100,100,100,100,0,0,0,retained
SRR13921545.50,100,100,100,100,0,0,0,retained
SRR13921545.51,100,100,100,100,0,0,0,retained
SRR13921545.52,100,100,100,100,0,0,0,retained
SRR13921545.53,100,100,100,100,0,0,0,retained
SRR13921545.54,100,100,100,100,0,0,0,retained
SRR13921545.55,100,100,100,100,0,0,0,retained
SRR13921545.56,100,100,100,100,0,0,0,retained
SRR13921545.57,100,100,88,88,0,12,12,retained
SRR13921545.58,100,100,100,100,0,0,0,retained
SRR13921545.59,100,100,100,100,0,0,0,retained
SRR13921545.60,100,100,100,100,0,0,0,retained
SRR13921545.61,100,100,100,100,0,0,0,retained
SRR13921545.62,100,100,100,100,0,0,0,retained
SRR13921545.63,100,100,100,100,0,0,0,retained
SRR13921545.64,100,100,100,100,0,0,0,retained
SRR13921545.65,100,100,100,100,0,0,0,retained
SRR13921545.66,100,100,100,100,0,0,0,retained
SRR13921545.67,100,100,100,100,0,0,0,retained
SRR13921545.68,100,100,100,100,0,0,0,retained
SRR13921545.69,100,100,100,100,0,0,0,retained
SRR13921545.70,100,100,100,100,0,0,0,retained
SRR13921545.71,100,100,100,100,0,0,0,retained
SRR13921545.72,100,99,99,99,1,0,1,retained
SRR13921545.73,100,100,100,100,0,0,0,retained
SRR13921545.74,100,100,100,100,0,0,0,retained
SRR13921545.75,100,100,100,100,0,0,0,retained
SRR13921545.76,100,100,100,100,0,0,0,retained
SRR13921545.77,100,100,100,100,0,0,0,retained
SRR13921545.78,100,99,99,99,1,0,1,retained
SRR13921545.79,100,100,56,56,0,44,44,discarded_too_short
SRR13921545.80,100,100,100,100,0,0,0,retained
SRR13921545.81,100,100,100,100,0,0,0,retained
SRR13921545.82,100,100,100,100,0,0,0,retained
SRR13921545.83,100,100,100,100,0,0,0,retained
SRR13921545.84,100,100,100,100,0,0,0,retained
SRR13921545.85,100,100,100,100,0,0,0,retained
SRR13921545.86,100,100,100,100,0,0,0,retained
SRR13921545.87,100,100,100,100,0,0,0,retained
SRR13921545.88,100,100,100,100,0,0,0,retained
SRR13921545.89,100,100,100,100,0,0,0,retained
SRR13921545.90,100,100,100,100,0,0,0,retained
SRR13921545.91,100,100,100,100,0,0,0,retained
SRR13921545.92,100,100,100,100,0,0,0,retained
SRR13921545.93,100,100,100,100,0,0,0,retained
SRR13921545.94,100,100,100,100,0,0,0,retained
SRR13921545.95,100,100,100,100,0,0,0,retained
SRR13921545.96,100,100,100,100,0,0,0,retained
SRR13921545.97,100,100,100,100,0,0,0,retained
SRR13921545.98,100,100,100,100,0,0,0,retained
SRR13921545.99,100,100,100,100,0,0,0,retained
SRR13921545.100,100,100,100,100,0,0,0,retained
SRR13921545.101,100,100,100,100,0,0,0,retained
SRR13921545.102,100,100,100,100,0,0,0,retained
SRR13921545.103,100,100,100,100,0,0,0,retained
SRR13921545.104,100,100,100,100,0,0,0,retained
SRR13921545.105,100,100,100,100,0,0,0,retained
SRR13921545.106,100,100,100,100,0,0,0,retained
SRR13921545.107,100,99,99,99,1,0,1,retained
SRR13921545.108,100,100,100,100,0,0,0,retained
SRR13921545.109,100,100,100,100,0,0,0,retained
SRR13921545.110,100,100,100,100,0,0,0,retained
SRR13921545.111,100,100,100,100,0,0,0,retained
SRR13921545.112,100,100,100,100,0,0,0,retained
SRR13921545.113,100,100,100,100,0,0,0,retained
SRR13921545.114,100,100,100,100,0,0,0,retained
SRR13921545.115,100,100,100,100,0,0,0,retained
SRR13921545.116,100,100,100,100,0,0,0,retained
SRR13921545.117,100,100,100,100,0,0,0,retained
SRR13921545.118,100,100,100,100,0,0,0,retained
SRR13921545.119,100,100,100,100,0,0,0,retained
SRR13921545.120,100,100,100,100,0,0,0,retained
SRR13921545.121,100,100,100,100,0,0,0,retained
SRR13921545.122,100,100,100,100,0,0,0,retained
SRR13921545.123,100,100,100,100,0,0,0,retained
SRR13921545.124,100,100,100,100,0,0,0,retained
SRR13921545.125,100,100,100,100,0,0,0,retained
SRR13921545.126,100,100,100,100,0,0,0,retained
SRR13921545.127,100,100,100,100,0,0,0,retained
SRR13921545.128,100,100,100,100,0,0,0,retained
SRR13921545.129,100,100,100,100,0,0,0,retained
SRR13921545.130,100,100,100,100,0,0,0,retained
SRR13921545.131,100,100,100,100,0,0,0,retained
SRR13921545.132,100,100,100,100,0,0,0,retained
SRR13921545.133,100,100,100,100,0,0,0,retained
SRR13921545.134,100,100,69,69,0,31,31,discarded_too_short
SRR13921545.135,100,100,100,100,0,0,0,retained
SRR13921545.136,100,100,100,100,0,0,0,retained
SRR13921545.137,100,100,100,100,0,0,0,retained
SRR13921545.138,100,100,100,100,0,0,0,retained
SRR13921545.139,100,100,100,100,0,0,0,retained
SRR13921545.140,100,100,100,100,0,0,0,retained
SRR13921545.141,100,100,100,100,0,0,0,retained
SRR13921545.142,100,100,100,100,0,0,0,retained
SRR13921545.143,100,100,100,100,0,0,0,retained
SRR13921545.144,100,100,100,100,0,0,0,retained
SRR13921545.145,100,100,100,100,0,0,0,retained
SRR13921545.146,100,100,100,100,0,0,0,retained
SRR13921545.147,100,100,100,100,0,0,0,retained
SRR13921545.148,100,100,100,100,0,0,0,retained
SRR13921545.149,100,100,100,100,0,0,0,retained
SRR13921545.150,100,100,100,100,0,0,0,retained
SRR13921545.151,100,100,100,100,0,0,0,retained
SRR13921545.152,100,100,100,100,0,0,0,retained
SRR13921545.153,100,99,99,99,1,0,1,retained
SRR13921545.154,100,100,100,100,0,0,0,retained
SRR13921545.155,100,100,100,100,0,0,0,retained
SRR13921545.156,100,100,100,100,0,0,0,retained
SRR13921545.157,100,100,100,100,0,0,0,retained
SRR13921545.158,100,100,100,100,0,0,0,retained
SRR13921545.159,100,100,100,100,0,0,0,retained
SRR13921545.160,100,100,100,100,0,0,0,retained
SRR13921545.161,100,100,100,100,0,0,0,retained
SRR13921545.162,100,100,100,100,0,0,0,retained
SRR13921545.163,100,100,100,100,0,0,0,retained
SRR13921545.164,100,100,100,100,0,0,0,retained
SRR13921545.165,100,100,100,100,0,0,0,retained
SRR13921545.166,100,100,100,100,0,0,0,retained
SRR13921545.167,100,100,100,100,0,0,0,retained
SRR13921545.168,100,100,100,100,0,0,0,retained
SRR13921545.169,100,100,100,100,0,0,0,retained
SRR13921545.170,100,100,100,100,0,0,0,retained
SRR13921545.171,100,100,100,100,0,0,0,retained
SRR13921545.172,100,100,100,100,0,0,0,retained
SRR13921545.173,100,100,100,100,0,0,0,retained
SRR13921545.174,100,100,100,100,0,0,0,retained
SRR13921545.175,100,100,100,100,0,0,0,retained
SRR13921545.176,100,100,100,100,0,0,0,retained
SRR13921545.177,100,100,100,100,0,0,0,retained
SRR13921545.178,100,100,100,100,0,0,0,retained
SRR13921545.179,100,100,100,100,0,0,0,retained
SRR13921545.180,100,100,100,100,0,0,0,retained
SRR13921545.181,100,100,100,100,0,0,0,retained
SRR13921545.182,100,100,100,100,0,0,0,retained
SRR13921545.183,100,100,100,100,0,0,0,retained
SRR13921545.184,100,100,100,100,0,0,0,retained
SRR13921545.185,100,100,100,100,0,0,0,retained
SRR13921545.186,100,100,100,100,0,0,0,retained
SRR13921545.187,100,100,100,100,0,0,0,retained
SRR13921545.188,100,100,100,100,0,0,0,retained
SRR13921545.189,100,100,100,100,0,0,0,retained
SRR13921545.190,100,100,100,100,0,0,0,retained
SRR13921545.191,100,100,100,100,0,0,0,retained
SRR13921545.192,100,100,100,100,0,0,0,retained
SRR13921545.193,100,100,100,100,0,0,0,retained
SRR13921545.194,100,100,100,100,0,0,0,retained
SRR13921545.195,100,100,100,100,0,0,0,retained
SRR13921545.196,100,100,100,100,0,0,0,retained
SRR13921545.197,100,100,100,100,0,0,0,retained
SRR13921545.198,100,100,100,100,0,0,0,retained
SRR13921545.199,100,100,100,100,0,0,0,retained
SRR13921545.200,100,100,100,100,0,0,0,retained
SRR13921545.201,100,100,100,100,0,0,0,retained
SRR13921545.202,100,100,100,100,0,0,0,retained
SRR13921545.203,100,100,100,100,0,0,0,retained
SRR13921545.204,100,100,100,100,0,0,0,retained
SRR13921545.205,100,100,82,82,0,18,18,retained
SRR13921545.206,100,100,100,100,0,0,0,retained
SRR13921545.207,100,100,100,100,0,0,0,retained
SRR13921545.208,100,100,100,100,0,0,0,retained
SRR13921545.209,100,100,100,100,0,0,0,retained
SRR13921545.210,100,100,100,100,0,0,0,retained
SRR13921545.211,100,100,100,100,0,0,0,retained
SRR13921545.212,100,100,100,100,0,0,0,retained
SRR13921545.213,100,100,100,100,0,0,0,retained
SRR13921545.214,100,100,100,100,0,0,0,retained
SRR13921545.215,100,100,100,100,0,0,0,retained
SRR13921545.216,100,100,100,100,0,0,0,retained
SRR13921545.217,100,100,100,100,0,0,0,retained
SRR13921545.218,100,100,100,100,0,0,0,retained
SRR13921545.219,100,100,100,100,0,0,0,retained
SRR13921545.220,100,100,100,100,0,0,0,retained
SRR13921545.221,100,100,100,100,0,0,0,retained
SRR13921545.222,100,100,100,100,0,0,0,retained
SRR13921545.223,100,100,100,100,0,0,0,retained
SRR13921545.224,100,100,100,100,0,0,0,retained
SRR13921545.225,100,100,100,100,0,0,0,retained
SRR13921545.226,100,100,100,100,0,0,0,retained
SRR13921545.227,100,100,100,100,0,0,0,retained
SRR13921545.228,100,100,100,100,0,0,0,retained
SRR13921545.229,100,100,100,100,0,0,0,retained
SRR13921545.230,100,100,100,100,0,0,0,retained
SRR13921545.231,100,100,100,100,0,0,0,retained
SRR13921545.232,100,100,100,100,0,0,0,retained
SRR13921545.233,100,100,100,100,0,0,0,retained
SRR13921545.234,100,100,100,100,0,0,0,retained
SRR13921545.235,100,100,100,100,0,0,0,retained
SRR13921545.236,100,100,100,100,0,0,0,retained
SRR13921545.237,100,100,100,100,0,0,0,retained
SRR13921545.238,100,100,100,100,0,0,0,retained
SRR13921545.239,100,100,100,100,0,0,0,retained
SRR13921545.240,100,100,100,100,0,0,0,retained
SRR13921545.241,100,100,100,100,0,0,0,retained
SRR13921545.242,100,100,100,100,0,0,0,retained
SRR13921545.243,100,100,100,100,0,0,0,retained
SRR13921545.244,100,100,100,100,0,0,0,retained
SRR13921545.245,100,100,100,100,0,0,0,retained
SRR13921545.246,100,100,100,100,0,0,0,retained
SRR13921545.247,100,100,100,100,0,0,0,retained
SRR13921545.248,100,100,100,100,0,0,0,retained
SRR13921545.249,100,100,100,100,0,0,0,retained
SRR13921545.250,100,100,100,100,0,0,0,retained
SRR13921545.251,100,100,100,100,0,0,0,retained
SRR13921545.252,100,100,100,100,0,0,0,retained
SRR13921545.253,100,100,100,100,0,0,0,retained
SRR13921545.254,100,100,100,100,0,0,0,retained
SRR13921545.255,100,100,100,100,0,0,0,retained
SRR13921545.256,100,100,100,100,0,0,0,retained
SRR13921545.257,100,100,100,100,0,0,0,retained
SRR13921545.258,100,100,100,100,0,0,0,retained
SRR13921545.259,100,100,100,100,0,0,0,retained
SRR13921545.260,100,99,99,99,1,0,1,retained
SRR13921545.261,100,100,100,100,0,0,0,retained
SRR13921545.262,100,100,100,100,0,0,0,retained
SRR13921545.263,100,100,100,100,0,0,0,retained
SRR13921545.264,100,100,100,100,0,0,0,retained
SRR13921545.265,100,100,100,100,0,0,0,retained
SRR13921545.266,100,100,100,100,0,0,0,retained
SRR13921545.267,100,100,100,100,0,0,0,retained
SRR13921545.268,100,100,100,100,0,0,0,retained
SRR13921545.269,100,100,100,100,0,0,0,retained
SRR13921545.270,100,100,100,100,0,0,0,retained
SRR13921545.271,100,100,100,100,0,0,0,retained
SRR13921545.272,100,100,100,100,0,0,0,retained
SRR13921545.273,100,100,100,100,0,0,0,retained
SRR13921545.274,100,99,99,99,1,0,1,retained
SRR13921545.275,100,100,100,100,0,0,0,retained
SRR13921545.276,100,100,100,100,0,0,0,retained
SRR13921545.277,100,100,100,100,0,0,0,retained
SRR13921545.278,100,100,100,100,0,0,0,retained
SRR13921545.279,100,100,100,100,0,0,0,retained
SRR13921545.280,100,100,100,100,0,0,0,retained
SRR13921545.281,100,100,100,100,0,0,0,retained
SRR13921545.282,100,100,100,100,0,0,0,retained
SRR13921545.283,100,100,100,100,0,0,0,retained
SRR13921545.284,100,100,100,100,0,0,0,retained
SRR13921545.285,100,100,100,100,0,0,0,retained
SRR13921545.286,100,100,100,100,0,0,0,retained
SRR13921545.287,100,100,100,100,0,0,0,retained
SRR13921545.288,100,100,100,100,0,0,0,retained
SRR13921545.289,100,100,100,100,0,0,0,retained
SRR13921545.290,100,100,100,100,0,0,0,retained
SRR13921545.291,100,100,100,100,0,0,0,retained
SRR13921545.292,100,100,100,100,0,0,0,retained
SRR13921545.293,100,100,100,100,0,0,0,retained
SRR13921545.294,100,100,100,100,0,0,0,retained
SRR13921545.295,100,100,100,100,0,0,0,retained
SRR13921545.296,100,100,100,100,0,0,0,retained
SRR13921545.297,100,100,100,100,0,0,0,retained
SRR13921545.298,100,100,100,100,0,0,0,retained
SRR13921545.299,100,100,100,100,0,0,0,retained
SRR13921545.300,100,100,100,100,0,0,0,retained
SRR13921545.301,100,100,100,100,0,0,0,retained
SRR13921545.302,100,100,100,100,0,0,0,retained
SRR13921545.303,100,100,100,100,0,0,0,retained
SRR13921545.304,100,100,100,100,0,0,0,retained
SRR13921545.305,100,100,100,100,0,0,0,retained
SRR13921545.306,100,100,100,100,0,0,0,retained
SRR13921545.307,100,100,100,100,0,0,0,retained
SRR13921545.308,100,100,100,100,0,0,0,retained
SRR13921545.309,100,100,74,74,0,26,26,discarded_too_short
SRR13921545.310,100,100,100,100,0,0,0,retained
SRR13921545.311,100,100,100,100,0,0,0,retained
SRR13921545.312,100,100,100,100,0,0,0,retained
SRR13921545.313,100,100,100,100,0,0,0,retained
SRR13921545.314,100,100,100,100,0,0,0,retained
SRR13921545.315,100,100,100,100,0,0,0,retained
SRR13921545.316,100,100,100,100,0,0,0,retained
SRR13921545.317,100,100,100,100,0,0,0,retained
SRR13921545.318,100,100,100,100,0,0,0,retained
SRR13921545.319,100,100,100,100,0,0,0,retained
SRR13921545.320,100,100,100,100,0,0,0,retained
SRR13921545.321,100,100,100,100,0,0,0,retained
SRR13921545.322,100,100,100,100,0,0,0,retained
SRR13921545.323,100,100,100,100,0,0,0,retained
SRR13921545.324,100,100,100,100,0,0,0,retained
SRR13921545.325,100,100,100,100,0,0,0,retained
SRR13921545.326,100,100,100,100,0,0,0,retained
SRR13921545.327,100,100,100,100,0,0,0,retained
SRR13921545.328,100,100,100,100,0,0,0,retained
SRR13921545.329,100,100,100,100,0,0,0,retained
SRR13921545.330,100,100,100,100,0,0,0,retained
SRR13921545.331,100,100,100,100,0,0,0,retained
SRR13921545.332,100,100,100,100,0,0,0,retained
SRR13921545.333,100,100,100,100,0,0,0,retained
SRR13921545.334,100,100,100,100,0,0,0,retained
SRR13921545.335,100,100,100,100,0,0,0,retained
SRR13921545.336,100,100,100,100,0,0,0,retained
SRR13921545.337,100,100,100,100,0,0,0,retained
SRR13921545.338,100,100,100,100,0,0,0,retained
SRR13921545.339,100,100,100,100,0,0,0,retained
SRR13921545.340,100,100,100,100,0,0,0,retained
SRR13921545.341,100,100,100,100,0,0,0,retained
SRR13921545.342,100,100,100,100,0,0,0,retained
SRR13921545.343,100,100,100,100,0,0,0,retained
SRR13921545.344,100,100,100,100,0,0,0,retained
SRR13921545.345,100,100,100,100,0,0,0,retained
SRR13921545.346,100,100,100,100,0,0,0,retained
SRR13921545.347,100,100,100,100,0,0,0,retained
SRR13921545.348,100,100,100,100,0,0,0,retained
SRR13921545.349,100,100,100,100,0,0,0,retained
SRR13921545.350,100,100,100,100,0,0,0,retained
SRR13921545.351,100,100,100,100,0,0,0,retained
SRR13921545.352,100,100,100,100,0,0,0,retained
SRR13921545.353,100,100,100,100,0,0,0,retained
SRR13921545.354,100,100,100,100,0,0,0,retained
SRR13921545.355,100,100,100,100,0,0,0,retained
SRR13921545.356,100,100,100,100,0,0,0,retained
SRR13921545.357,100,100,100,100,0,0,0,retained
SRR13921545.358,100,100,100,100,0,0,0,retained
SRR13921545.359,100,100,100,100,0,0,0,retained
SRR13921545.360,100,100,100,100,0,0,0,retained
SRR13921545.361,100,100,100,100,0,0,0,retained
SRR13921545.362,100,100,100,100,0,0,0,retained
SRR13921545.363,100,100,100,100,0,0,0,retained
SRR13921545.364,100,100,100,100,0,0,0,retained
SRR13921545.365,100,100,100,100,0,0,0,retained
SRR13921545.366,100,100,100,100,0,0,0,retained
SRR13921545.367,100,100,100,100,0,0,0,retained
SRR13921545.368,100,100,100,100,0,0,0,retained
SRR13921545.369,100,100,100,100,0,0,0,retained
SRR13921545.370,100,100,100,100,0,0,0,retained
SRR13921545.371,100,100,100,100,0,0,0,retained
SRR13921545.372,100,100,100,100,0,0,0,retained
SRR13921545.373,100,100,100,100,0,0,0,retained
SRR13921545.374,100,100,100,100,0,0,0,retained
SRR13921545.375,100,100,100,100,0,0,0,retained
SRR13921545.376,100,100,100,100,0,0,0,retained
SRR13921545.377,100,100,100,100,0,0,0,retained
SRR13921545.378,100,100,100,100,0,0,0,retained
SRR13921545.379,100,100,100,100,0,0,0,retained
SRR13921545.380,100,100,100,100,0,0,0,retained
SRR13921545.381,100,100,100,100,0,0,0,retained
SRR13921545.382,100,100,100,100,0,0,0,retained
SRR13921545.383,100,100,100,100,0,0,0,retained
SRR13921545.384,100,100,100,100,0,0,0,retained
SRR13921545.385,100,100,86,86,0,14,14,retained
SRR13921545.386,100,100,100,100,0,0,0,retained
SRR13921545.387,100,100,100,100,0,0,0,retained
SRR13921545.388,100,100,100,100,0,0,0,retained
SRR13921545.389,100,100,100,100,0,0,0,retained
SRR13921545.390,100,100,100,100,0,0,0,retained
SRR13921545.391,100,100,100,100,0,0,0,retained
SRR13921545.392,100,100,100,100,0,0,0,retained
SRR13921545.393,100,100,100,100,0,0,0,retained
SRR13921545.394,100,100,92,92,0,8,8,retained
SRR13921545.395,100,100,100,100,0,0,0,retained
SRR13921545.396,100,100,100,100,0,0,0,retained
SRR13921545.397,100,100,100,100,0,0,0,retained
SRR13921545.398,100,100,100,100,0,0,0,retained
SRR13921545.399,100,100,100,100,0,0,0,retained
SRR13921545.400,100,100,100,100,0,0,0,retained
SRR13921545.401,100,100,100,100,0,0,0,retained
SRR13921545.402,100,100,100,100,0,0,0,retained
SRR13921545.403,100,100,100,100,0,0,0,retained
SRR13921545.404,100,100,100,100,0,0,0,retained
SRR13921545.405,100,100,100,100,0,0,0,retained
SRR13921545.406,100,100,100,100,0,0,0,retained
SRR13921545.407,100,100,100,100,0,0,0,retained
SRR13921545.408,100,100,100,100,0,0,0,retained
SRR13921545.409,100,100,100,100,0,0,0,retained
SRR13921545.410,100,100,100,100,0,0,0,retained
SRR13921545.411,100,100,100,100,0,0,0,retained
SRR13921545.412,100,100,100,100,0,0,0,retained
SRR13921545.413,100,99,99,99,1,0,1,retained
SRR13921545.414,100,100,100,100,0,0,0,retained
SRR13921545.415,100,100,100,100,0,0,0,retained
SRR13921545.416,100,100,100,100,0,0,0,retained
SRR13921545.417,100,100,100,100,0,0,0,retained
SRR13921545.418,100,100,100,100,0,0,0,retained
SRR13921545.419,100,100,100,100,0,0,0,retained
SRR13921545.420,100,100,100,100,0,0,0,retained
SRR13921545.421,100,100,100,100,0,0,0,retained
SRR13921545.422,100,100,100,100,0,0,0,retained
SRR13921545.423,100,100,100,100,0,0,0,retained
SRR13921545.424,100,100,100,100,0,0,0,retained
SRR13921545.425,100,100,100,100,0,0,0,retained
SRR13921545.426,100,100,100,100,0,0,0,retained
SRR13921545.427,100,100,100,100,0,0,0,retained
SRR13921545.428,100,100,100,100,0,0,0,retained
SRR13921545.429,100,100,100,100,0,0,0,retained
SRR13921545.430,100,100,100,100,0,0,0,retained
SRR13921545.431,100,100,100,100,0,0,0,retained
SRR13921545.432,100,100,100,100,0,0,0,retained
SRR13921545.433,100,100,100,100,0,0,0,retained
SRR13921545.434,100,100,100,100,0,0,0,retained
SRR13921545.435,100,100,100,100,0,0,0,retained
SRR13921545.436,100,100,100,100,0,0,0,retained
SRR13921545.437,100,100,100,100,0,0,0,retained
SRR13921545.438,100,100,100,100,0,0,0,retained
SRR13921545.439,100,100,100,100,0,0,0,retained
SRR13921545.440,100,100,100,100,0,0,0,retained
SRR13921545.441,100,100,100,100,0,0,0,retained
SRR13921545.442,100,100,100,100,0,0,0,retained
SRR13921545.443,100,100,100,100,0,0,0,retained
SRR13921545.444,100,100,100,100,0,0,0,retained
SRR13921545.445,100,100,100,100,0,0,0,retained
SRR13921545.446,100,100,100,100,0,0,0,retained
SRR13921545.447,100,100,100,100,0,0,0,retained
SRR13921545.448,100,100,100,100,0,0,0,retained
SRR13921545.449,100,100,100,100,0,0,0,retained
SRR13921545.450,100,100,86,86,0,14,14,retained
SRR13921545.451,100,100,100,100,0,0,0,retained
SRR13921545.452,100,100,100,100,0,0,0,retained
SRR13921545.453,100,100,100,100,0,0,0,retained
SRR13921545.454,100,100,100,100,0,0,0,retained
SRR13921545.455,100,100,100,100,0,0,0,retained
SRR13921545.456,100,100,100,100,0,0,0,retained
SRR13921545.457,100,100,80,80,0,20,20,retained
SRR13921545.458,100,100,100,100,0,0,0,retained
SRR13921545.459,100,100,100,100,0,0,0,retained
SRR13921545.460,100,100,100,100,0,0,0,retained
SRR13921545.461,100,100,100,100,0,0,0,retained
SRR13921545.462,100,100,100,100,0,0,0,retained
SRR13921545.463,100,100,100,100,0,0,0,retained
SRR13921545.464,100,100,100,100,0,0,0,retained
SRR13921545.465,100,100,100,100,0,0,0,retained
SRR13921545.466,100,100,100,100,0,0,0,retained
SRR13921545.467,100,100,100,100,0,0,0,retained
SRR13921545.468,100,100,100,100,0,0,0,retained
SRR13921545.469,100,100,100,100,0,0,0,retained
SRR13921545.470,100,100,100,100,0,0,0,retained
SRR13921545.471,100,100,100,100,0,0,0,retained
SRR13921545.472,100,100,100,100,0,0,0,retained
SRR13921545.473,100,100,100,100,0,0,0,retained
SRR13921545.474,100,100,100,100,0,0,0,retained
SRR13921545.475,100,100,100,100,0,0,0,retained
SRR13921545.476,100,100,100,100,0,0,0,retained
SRR13921545.477,100,100,100,100,0,0,0,retained
SRR13921545.478,100,100,100,100,0,0,0,retained
SRR13921545.479,100,100,100,100,0,0,0,retained
SRR13921545.480,100,100,100,100,0,0,0,retained
SRR13921545.481,100,100,100,100,0,0,0,retained
SRR13921545.482,100,100,100,100,0,0,0,retained
SRR13921545.483,100,100,100,100,0,0,0,retained
SRR13921545.484,100,100,100,100,0,0,0,retained
SRR13921545.485,100,100,100,100,0,0,0,retained
SRR13921545.486,100,100,100,100,0,0,0,retained
SRR13921545.487,100,100,100,100,0,0,0,retained
SRR13921545.488,100,100,100,100,0,0,0,retained
SRR13921545.489,100,100,100,100,0,0,0,retained
SRR13921545.490,100,100,100,100,0,0,0,retained
SRR13921545.491,100,100,100,100,0,0,0,retained
SRR13921545.492,100,100,100,100,0,0,0,retained
SRR13921545.493,100,100,100,100,0,0,0,retained
SRR13921545.494,100,100,100,100,0,0,0,retained
SRR13921545.495,100,100,100,100,0,0,0,retained
SRR13921545.496,100,100,100,100,0,0,0,retained
SRR13921545.497,100,100,100,100,0,0,0,retained
SRR13921545.498,100,100,100,100,0,0,0,retained
SRR13921545.499,100,100,100,100,0,0,0,retained
SRR13921545.500,100,100,100,100,0,0,0,retained
SRR13921545.501,100,100,100,100,0,0,0,retained
SRR13921545.502,100,100,100,100,0,0,0,retained
SRR13921545.503,100,100,100,100,0,0,0,retained
SRR13921545.504,100,100,100,100,0,0,0,retained
SRR13921545.505,100,100,100,100,0,0,0,retained
SRR13921545.506,100,100,100,100,0,0,0,retained
SRR13921545.507,100,100,100,100,0,0,0,retained
SRR13921545.508,100,100,100,100,0,0,0,retained
SRR13921545.509,100,100,100,100,0,0,0,retained
SRR13921545.510,100,100,100,100,0,0,0,retained
SRR13921545.511,100,100,100,100,0,0,0,retained
SRR13921545.512,100,100,100,100,0,0,0,retained
SRR13921545.513,100,100,100,100,0,0,0,retained
SRR13921545.514,100,100,100,100,0,0,0,retained
SRR13921545.515,100,100,100,100,0,0,0,retained
SRR13921545.516,100,100,100,100,0,0,0,retained
SRR13921545.517,100,100,100,100,0,0,0,retained
SRR13921545.518,100,100,100,100,0,0,0,retained
SRR13921545.519,100,100,100,100,0,0,0,retained
SRR13921545.520,100,100,100,100,0,0,0,retained
SRR13921545.521,100,100,100,100,0,0,0,retained
SRR13921545.522,100,100,100,100,0,0,0,retained
SRR13921545.523,100,100,100,100,0,0,0,retained
SRR13921545.524,100,100,80,80,0,20,20,retained
SRR13921545.525,100,100,100,100,0,0,0,retained
SRR13921545.526,100,100,100,100,0,0,0,retained
SRR13921545.527,100,100,100,100,0,0,0,retained
SRR13921545.528,100,100,100,100,0,0,0,retained
SRR13921545.529,100,100,100,100,0,0,0,retained
SRR13921545.530,100,100,100,100,0,0,0,retained
SRR13921545.531,100,100,100,100,0,0,0,retained
SRR13921545.532,100,100,100,100,0,0,0,retained
SRR13921545.533,100,100,100,100,0,0,0,retained
SRR13921545.534,100,100,100,100,0,0,0,retained
SRR13921545.535,100,100,100,100,0,0,0,retained
SRR13921545.536,100,100,100,100,0,0,0,retained
SRR13921545.537,100,100,100,100,0,0,0,retained
SRR13921545.538,100,100,100,100,0,0,0,retained
SRR13921545.539,100,100,100,100,0,0,0,retained
SRR13921545.540,100,100,100,100,0,0,0,retained
SRR13921545.541,100,100,100,100,0,0,0,retained
SRR13921545.542,100,100,100,100,0,0,0,retained
SRR13921545.543,100,100,100,100,0,0,0,retained
SRR13921545.544,100,100,100,100,0,0,0,retained
SRR13921545.545,100,100,100,100,0,0,0,retained
SRR13921545.546,100,100,100,100,0,0,0,retained
SRR13921545.547,100,100,100,100,0,0,0,retained
SRR13921545.548,100,100,100,100,0,0,0,retained
SRR13921545.549,100,100,100,100,0,0,0,retained
SRR13921545.550,100,100,100,100,0,0,0,retained
SRR13921545.551,100,100,100,100,0,0,0,retained
SRR13921545.552,100,100,100,100,0,0,0,retained
SRR13921545.553,100,100,100,100,0,0,0,retained
SRR13921545.554,100,100,100,100,0,0,0,retained
SRR13921545.555,100,100,100,100,0,0,0,retained
SRR13921545.556,100,100,100,100,0,0,0,retained
SRR13921545.557,100,100,100,100,0,0,0,retained
SRR13921545.558,100,100,100,100,0,0,0,retained
SRR13921545.559,100,100,100,100,0,0,0,retained
SRR13921545.560,100,100,100,100,0,0,0,retained
SRR13921545.561,100,100,100,100,0,0,0,retained
SRR13921545.562,100,100,100,100,0,0,0,retained
SRR13921545.563,100,100,100,100,0,0,0,retained
SRR13921545.564,100,100,100,100,0,0,0,retained
SRR13921545.565,100,100,100,100,0,0,0,retained
SRR13921545.566,100,100,100,100,0,0,0,retained
SRR13921545.567,100,100,100,100,0,0,0,retained
SRR13921545.568,100,100,100,100,0,0,0,retained
SRR13921545.569,100,100,100,100,0,0,0,retained
SRR13921545.570,100,100,100,100,0,0,0,retained
SRR13921545.571,100,100,100,100,0,0,0,retained
SRR13921545.572,100,100,100,100,0,0,0,retained
SRR13921545.573,100,100,100,100,0,0,0,retained
SRR13921545.574,100,100,100,100,0,0,0,retained
SRR13921545.575,100,100,100,100,0,0,0,retained
SRR13921545.576,100,100,100,100,0,0,0,retained
SRR13921545.577,100,100,100,100,0,0,0,retained
SRR13921545.578,100,100,100,100,0,0,0,retained
SRR13921545.579,100,100,100,100,0,0,0,retained
SRR13921545.580,100,100,100,100,0,0,0,retained
SRR13921545.581,100,100,100,100,0,0,0,retained
SRR13921545.582,100,100,100,100,0,0,0,retained
SRR13921545.583,100,100,100,100,0,0,0,retained
SRR13921545.584,100,100,100,100,0,0,0,retained
SRR13921545.585,100,100,100,100,0,0,0,retained
SRR13921545.586,100,100,100,100,0,0,0,retained
SRR13921545.587,100,100,100,100,0,0,0,retained
SRR13921545.588,100,100,100,100,0,0,0,retained
SRR13921545.589,100,100,100,100,0,0,0,retained
SRR13921545.590,100,100,100,100,0,0,0,retained
SRR13921545.591,100,100,100,100,0,0,0,retained
SRR13921545.592,100,99,99,99,1,0,1,retained
SRR13921545.593,100,100,100,100,0,0,0,retained
SRR13921545.594,100,100,100,100,0,0,0,retained
SRR13921545.595,100,100,100,100,0,0,0,retained
SRR13921545.596,100,100,100,100,0,0,0,retained
SRR13921545.597,100,100,100,100,0,0,0,retained
SRR13921545.598,100,100,100,100,0,0,0,retained
SRR13921545.599,100,100,100,100,0,0,0,retained
SRR13921545.600,100,100,100,100,0,0,0,retained
SRR13921545.601,100,100,100,100,0,0,0,retained
SRR13921545.602,100,100,100,100,0,0,0,retained
SRR13921545.603,100,100,100,100,0,0,0,retained
SRR13921545.604,100,100,100,100,0,0,0,retained
SRR13921545.605,100,100,100,100,0,0,0,retained
SRR13921545.606,100,100,100,100,0,0,0,retained
SRR13921545.607,100,100,100,100,0,0,0,retained
SRR13921545.608,100,100,100,100,0,0,0,retained
SRR13921545.609,100,100,100,100,0,0,0,retained
SRR13921545.610,100,100,100,100,0,0,0,retained
SRR13921545.611,100,100,100,100,0,0,0,retained
SRR13921545.612,100,100,100,100,0,0,0,retained
SRR13921545.613,100,100,100,100,0,0,0,retained
SRR13921545.614,100,100,100,100,0,0,0,retained
SRR13921545.615,100,100,100,100,0,0,0,retained
SRR13921545.616,100,100,100,100,0,0,0,retained
SRR13921545.617,100,100,100,100,0,0,0,retained
SRR13921545.618,100,100,100,100,0,0,0,retained
SRR13921545.619,100,100,100,100,0,0,0,retained
SRR13921545.620,100,100,100,100,0,0,0,retained
SRR13921545.621,100,100,100,100,0,0,0,retained
SRR13921545.622,100,100,100,100,0,0,0,retained
SRR13921545.623,100,100,100,100,0,0,0,retained
SRR13921545.624,100,100,100,100,0,0,0,retained
SRR13921545.625,100,100,100,100,0,0,0,retained
SRR13921545.626,100,100,100,100,0,0,0,retained
SRR13921545.627,100,100,100,100,0,0,0,retained
SRR13921545.628,100,100,84,84,0,16,16,retained
SRR13921545.629,100,100,100,100,0,0,0,retained
SRR13921545.630,100,100,100,100,0,0,0,retained
SRR13921545.631,100,100,100,100,0,0,0,retained
SRR13921545.632,100,100,100,100,0,0,0,retained
SRR13921545.633,100,100,100,100,0,0,0,retained
SRR13921545.634,100,100,100,100,0,0,0,retained
SRR13921545.635,100,100,100,100,0,0,0,retained
SRR13921545.636,100,100,100,100,0,0,0,retained
SRR13921545.637,100,100,100,100,0,0,0,retained
SRR13921545.638,100,100,100,100,0,0,0,retained
SRR13921545.639,100,100,100,100,0,0,0,retained
SRR13921545.640,100,100,100,100,0,0,0,retained
SRR13921545.641,100,100,100,100,0,0,0,retained
SRR13921545.642,100,100,100,100,0,0,0,retained
SRR13921545.643,100,100,100,100,0,0,0,retained
SRR13921545.644,100,100,100,100,0,0,0,retained
SRR13921545.645,100,100,100,100,0,0,0,retained
SRR13921545.646,100,100,100,100,0,0,0,retained
SRR13921545.647,100,100,100,100,0,0,0,retained
SRR13921545.648,100,100,100,100,0,0,0,retained
SRR13921545.649,100,100,100,100,0,0,0,retained
SRR13921545.650,100,100,100,100,0,0,0,retained
SRR13921545.651,100,100,100,100,0,0,0,retained
SRR13921545.652,100,100,100,100,0,0,0,retained
SRR13921545.653,100,100,100,100,0,0,0,retained
SRR13921545.654,100,100,100,100,0,0,0,retained
SRR13921545.655,100,100,100,100,0,0,0,retained
SRR13921545.656,100,100,100,100,0,0,0,retained
SRR13921545.657,100,99,99,99,1,0,1,retained
SRR13921545.658,100,100,100,100,0,0,0,retained
SRR13921545.659,100,100,100,100,0,0,0,retained
SRR13921545.660,100,100,100,100,0,0,0,retained
SRR13921545.661,100,100,100,100,0,0,0,retained
SRR13921545.662,100,100,100,100,0,0,0,retained
SRR13921545.663,100,100,100,100,0,0,0,retained
SRR13921545.664,100,100,100,100,0,0,0,retained
SRR13921545.665,100,100,100,100,0,0,0,retained
SRR13921545.666,100,100,100,100,0,0,0,retained
SRR13921545.667,100,100,100,100,0,0,0,retained
SRR13921545.668,100,100,100,100,0,0,0,retained
SRR13921545.669,100,100,100,100,0,0,0,retained
SRR13921545.670,100,100,100,100,0,0,0,retained
SRR13921545.671,100,100,100,100,0,0,0,retained
SRR13921545.672,100,100,100,100,0,0,0,retained
SRR13921545.673,100,100,100,100,0,0,0,retained
SRR13921545.674,100,100,100,100,0,0,0,retained
SRR13921545.675,100,100,100,100,0,0,0,retained
SRR13921545.676,100,100,100,100,0,0,0,retained
SRR13921545.677,100,100,100,100,0,0,0,retained
SRR13921545.678,100,100,100,100,0,0,0,retained
SRR13921545.679,100,100,100,100,0,0,0,retained
SRR13921545.680,100,100,100,100,0,0,0,retained
SRR13921545.681,100,100,100,100,0,0,0,retained
SRR13921545.682,100,100,100,100,0,0,0,retained
SRR13921545.683,100,100,100,100,0,0,0,retained
SRR13921545.684,100,100,100,100,0,0,0,retained
SRR13921545.685,100,100,100,100,0,0,0,retained
SRR13921545.686,100,100,100,100,0,0,0,retained
SRR13921545.687,100,100,100,100,0,0,0,retained
SRR13921545.688,100,100,100,100,0,0,0,retained
SRR13921545.689,100,100,100,100,0,0,0,retained
SRR13921545.690,100,100,100,100,0,0,0,retained
SRR13921545.691,100,100,100,100,0,0,0,retained
SRR13921545.692,100,100,92,92,0,8,8,retained
SRR13921545.693,100,100,100,100,0,0,0,retained
SRR13921545.694,100,100,100,100,0,0,0,retained
SRR13921545.695,100,100,100,100,0,0,0,retained
SRR13921545.696,100,100,100,100,0,0,0,retained
SRR13921545.697,100,100,100,100,0,0,0,retained
SRR13921545.698,100,100,100,100,0,0,0,retained
SRR13921545.699,100,100,100,100,0,0,0,retained
SRR13921545.700,100,100,100,100,0,0,0,retained
SRR13921545.701,100,100,100,100,0,0,0,retained
SRR13921545.702,100,100,100,100,0,0,0,retained
SRR13921545.703,100,100,100,100,0,0,0,retained
SRR13921545.704,100,100,100,100,0,0,0,retained
SRR13921545.705,100,100,100,100,0,0,0,retained
SRR13921545.706,100,100,100,100,0,0,0,retained
SRR13921545.707,100,100,100,100,0,0,0,retained
SRR13921545.708,100,100,100,100,0,0,0,retained
SRR13921545.709,100,100,100,100,0,0,0,retained
SRR13921545.710,100,100,100,100,0,0,0,retained
SRR13921545.711,100,100,100,100,0,0,0,retained
SRR13921545.712,100,100,100,100,0,0,0,retained
SRR13921545.713,100,100,100,100,0,0,0,retained
SRR13921545.714,100,100,100,100,0,0,0,retained
SRR13921545.715,100,100,100,100,0,0,0,retained
SRR13921545.716,100,100,100,100,0,0,0,retained
SRR13921545.717,100,100,100,100,0,0,0,retained
SRR13921545.718,100,100,100,100,0,0,0,retained
SRR13921545.719,100,100,100,100,0,0,0,retained
SRR13921545.720,100,100,100,100,0,0,0,retained
SRR13921545.721,100,100,100,100,0,0,0,retained
SRR13921545.722,100,100,100,100,0,0,0,retained
SRR13921545.723,100,100,100,100,0,0,0,retained
SRR13921545.724,100,100,100,100,0,0,0,retained
SRR13921545.725,100,100,100,100,0,0,0,retained
SRR13921545.726,100,100,100,100,0,0,0,retained
SRR13921545.727,100,100,100,100,0,0,0,retained
SRR13921545.728,100,100,100,100,0,0,0,retained
SRR13921545.729,100,100,100,100,0,0,0,retained
SRR13921545.730,100,100,100,100,0,0,0,retained
SRR13921545.731,100,100,100,100,0,0,0,retained
SRR13921545.732,100,100,100,100,0,0,0,retained
SRR13921545.733,100,100,100,100,0,0,0,retained
SRR13921545.734,100,100,100,100,0,0,0,retained
SRR13921545.735,100,100,100,100,0,0,0,retained
SRR13921545.736,100,100,100,100,0,0,0,retained
SRR13921545.737,100,100,100,100,0,0,0,retained
SRR13921545.738,100,100,100,100,0,0,0,retained
SRR13921545.739,100,100,100,100,0,0,0,retained
SRR13921545.740,100,100,100,100,0,0,0,retained
SRR13921545.741,100,100,100,100,0,0,0,retained
SRR13921545.742,100,100,100,100,0,0,0,retained
SRR13921545.743,100,100,100,100,0,0,0,retained
SRR13921545.744,100,100,100,100,0,0,0,retained
SRR13921545.745,100,100,100,100,0,0,0,retained
SRR13921545.746,100,100,100,100,0,0,0,retained
SRR13921545.747,100,100,100,100,0,0,0,retained
SRR13921545.748,100,100,100,100,0,0,0,retained
SRR13921545.749,100,100,100,100,0,0,0,retained
SRR13921545.750,100,100,100,100,0,0,0,retained
SRR13921545.751,100,100,100,100,0,0,0,retained
SRR13921545.752,100,100,100,100,0,0,0,retained
SRR13921545.753,100,100,100,100,0,0,0,retained
SRR13921545.754,100,100,100,100,0,0,0,retained
SRR13921545.755,100,100,100,100,0,0,0,retained
SRR13921545.756,100,100,100,100,0,0,0,retained
SRR13921545.757,100,100,100,100,0,0,0,retained
SRR13921545.758,100,100,100,100,0,0,0,retained
SRR13921545.759,100,100,100,100,0,0,0,retained
SRR13921545.760,100,100,100,100,0,0,0,retained
SRR13921545.761,100,100,100,100,0,0,0,retained
SRR13921545.762,100,100,100,100,0,0,0,retained
SRR13921545.763,100,100,100,100,0,0,0,retained
SRR13921545.764,100,100,100,100,0,0,0,retained
SRR13921545.765,100,100,100,100,0,0,0,retained
SRR13921545.766,100,100,100,100,0,0,0,retained
SRR13921545.767,100,100,100,100,0,0,0,retained
SRR13921545.768,100,100,100,100,0,0,0,retained
SRR13921545.769,100,100,100,100,0,0,0,retained
SRR13921545.770,100,100,100,100,0,0,0,retained
SRR13921545.771,100,100,100,100,0,0,0,retained
SRR13921545.772,100,100,100,100,0,0,0,retained
SRR13921545.773,100,100,100,100,0,0,0,retained
SRR13921545.774,100,100,100,100,0,0,0,retained
SRR13921545.775,100,100,100,100,0,0,0,retained
SRR13921545.776,100,100,100,100,0,0,0,retained
SRR13921545.777,100,100,100,100,0,0,0,retained
SRR13921545.778,100,100,100,100,0,0,0,retained
SRR13921545.779,100,100,100,100,0,0,0,retained
SRR13921545.780,100,100,100,100,0,0,0,retained
SRR13921545.781,100,100,100,100,0,0,0,retained
SRR13921545.782,100,100,100,100,0,0,0,retained
SRR13921545.783,100,100,100,100,0,0,0,retained
SRR13921545.784,100,100,100,100,0,0,0,retained
SRR13921545.785,100,100,100,100,0,0,0,retained
SRR13921545.786,100,100,100,100,0,0,0,retained
SRR13921545.787,100,100,100,100,0,0,0,retained
SRR13921545.788,100,100,100,100,0,0,0,retained
SRR13921545.789,100,100,100,100,0,0,0,retained
SRR13921545.790,100,100,100,100,0,0,0,retained
SRR13921545.791,100,100,100,100,0,0,0,retained
SRR13921545.792,100,100,100,100,0,0,0,retained
SRR13921545.793,100,100,100,100,0,0,0,retained
SRR13921545.794,100,100,100,100,0,0,0,retained
SRR13921545.795,100,100,100,100,0,0,0,retained
SRR13921545.796,100,100,100,100,0,0,0,retained
SRR13921545.797,100,100,100,100,0,0,0,retained
SRR13921545.798,100,100,100,100,0,0,0,retained
SRR13921545.799,100,100,100,100,0,0,0,retained
SRR13921545.800,100,100,100,100,0,0,0,retained
SRR13921545.801,100,100,100,100,0,0,0,retained
SRR13921545.802,100,100,100,100,0,0,0,retained
SRR13921545.803,100,100,100,100,0,0,0,retained
SRR13921545.804,100,100,100,100,0,0,0,retained
SRR13921545.805,100,100,100,100,0,0,0,retained
SRR13921545.806,100,100,100,100,0,0,0,retained
SRR13921545.807,100,100,100,100,0,0,0,retained
SRR13921545.808,100,100,100,100,0,0,0,retained
SRR13921545.809,100,100,100,100,0,0,0,retained
SRR13921545.810,100,100,100,100,0,0,0,retained
SRR13921545.811,100,100,100,100,0,0,0,retained
SRR13921545.812,100,100,100,100,0,0,0,retained
SRR13921545.813,100,100,100,100,0,0,0,retained
SRR13921545.814,100,100,100,100,0,0,0,retained
SRR13921545.815,100,100,100,100,0,0,0,retained
SRR13921545.816,100,98,98,98,2,0,2,retained
SRR13921545.817,100,100,100,100,0,0,0,retained
SRR13921545.818,100,100,100,100,0,0,0,retained
SRR13921545.819,100,100,100,100,0,0,0,retained
SRR13921545.820,100,100,100,100,0,0,0,retained
SRR13921545.821,100,100,100,100,0,0,0,retained
SRR13921545.822,100,100,100,100,0,0,0,retained
SRR13921545.823,100,100,100,100,0,0,0,retained
SRR13921545.824,100,97,97,97,3,0,3,retained
SRR13921545.825,100,100,100,100,0,0,0,retained
SRR13921545.826,100,100,100,100,0,0,0,retained
SRR13921545.827,100,100,100,100,0,0,0,retained
SRR13921545.828,100,100,100,100,0,0,0,retained
SRR13921545.829,100,100,100,100,0,0,0,retained
SRR13921545.830,100,100,100,100,0,0,0,retained
SRR13921545.831,100,100,100,100,0,0,0,retained
SRR13921545.832,100,100,100,100,0,0,0,retained
SRR13921545.833,100,100,100,100,0,0,0,retained
SRR13921545.834,100,100,100,100,0,0,0,retained
SRR13921545.835,100,100,100,100,0,0,0,retained
SRR13921545.836,100,100,100,100,0,0,0,retained
SRR13921545.837,100,100,100,100,0,0,0,retained
SRR13921545.838,100,100,100,100,0,0,0,retained
SRR13921545.839,100,100,100,100,0,0,0,retained
SRR13921545.840,100,100,100,100,0,0,0,retained
SRR13921545.841,100,100,100,100,0,0,0,retained
SRR13921545.842,100,100,100,100,0,0,0,retained
SRR13921545.843,100,100,100,100,0,0,0,retained
SRR13921545.844,100,100,100,100,0,0,0,retained
SRR13921545.845,100,100,100,100,0,0,0,retained
SRR13921545.846,100,100,100,100,0,0,0,retained
SRR13921545.847,100,100,100,100,0,0,0,retained
SRR13921545.848,100,100,100,100,0,0,0,retained
SRR13921545.849,100,100,100,100,0,0,0,retained
SRR13921545.850,100,100,100,100,0,0,0,retained
SRR13921545.851,100,100,100,100,0,0,0,retained
SRR13921545.852,100,100,100,100,0,0,0,retained
SRR13921545.853,100,100,100,100,0,0,0,retained
SRR13921545.854,100,100,100,100,0,0,0,retained
SRR13921545.855,100,100,100,100,0,0,0,retained
SRR13921545.856,100,100,100,100,0,0,0,retained
SRR13921545.857,100,100,100,100,0,0,0,retained
SRR13921545.858,100,100,100,100,0,0,0,retained
SRR13921545.859,100,100,100,100,0,0,0,retained
SRR13921545.860,100,100,100,100,0,0,0,retained
SRR13921545.861,100,100,100,100,0,0,0,retained
SRR13921545.862,100,100,100,100,0,0,0,retained
SRR13921545.863,100,100,100,100,0,0,0,retained
SRR13921545.864,100,100,100,100,0,0,0,retained
SRR13921545.865,100,100,100,100,0,0,0,retained
SRR13921545.866,100,100,100,100,0,0,0,retained
SRR13921545.867,100,100,100,100,0,0,0,retained
SRR13921545.868,100,100,100,100,0,0,0,retained
SRR13921545.869,100,100,100,100,0,0,0,retained
SRR13921545.870,100,100,100,100,0,0,0,retained
SRR13921545.871,100,100,100,100,0,0,0,retained
SRR13921545.872,100,100,100,100,0,0,0,retained
SRR13921545.873,100,100,100,100,0,0,0,retained
SRR13921545.874,100,100,100,100,0,0,0,retained
SRR13921545.875,100,100,100,100,0,0,0,retained
SRR13921545.876,100,100,100,100,0,0,0,retained
SRR13921545.877,100,100,100,100,0,0,0,retained
SRR13921545.878,100,100,100,100,0,0,0,retained
SRR13921545.879,100,100,100,100,0,0,0,retained
SRR13921545.880,100,100,100,100,0,0,0,retained
SRR13921545.881,100,100,100,100,0,0,0,retained
SRR13921545.882,100,100,100,100,0,0,0,retained
SRR13921545.883,100,100,100,100,0,0,0,retained
SRR13921545.884,100,100,100,100,0,0,0,retained
SRR13921545.885,100,100,100,100,0,0,0,retained
SRR13921545.886,100,100,100,100,0,0,0,retained
SRR13921545.887,100,100,100,100,0,0,0,retained
SRR13921545.888,100,100,100,100,0,0,0,retained
SRR13921545.889,100,100,100,100,0,0,0,retained
SRR13921545.890,100,100,100,100,0,0,0,retained
SRR13921545.891,100,100,100,100,0,0,0,retained
SRR13921545.892,100,100,100,100,0,0,0,retained
SRR13921545.893,100,100,100,100,0,0,0,retained
SRR13921545.894,100,100,100,100,0,0,0,retained
SRR13921545.895,100,100,100,100,0,0,0,retained
SRR13921545.896,100,100,100,100,0,0,0,retained
SRR13921545.897,100,100,100,100,0,0,0,retained
SRR13921545.898,100,100,100,100,0,0,0,retained
SRR13921545.899,100,100,100,100,0,0,0,retained
SRR13921545.900,100,100,100,100,0,0,0,retained
SRR13921545.901,100,100,100,100,0,0,0,retained
SRR13921545.902,100,100,100,100,0,0,0,retained
SRR13921545.903,100,99,99,99,1,0,1,retained
SRR13921545.904,100,100,100,100,0,0,0,retained
SRR13921545.905,100,100,100,100,0,0,0,retained
SRR13921545.906,100,100,100,100,0,0,0,retained
SRR13921545.907,100,100,100,100,0,0,0,retained
SRR13921545.908,100,100,100,100,0,0,0,retained
SRR13921545.909,100,100,100,100,0,0,0,retained
SRR13921545.910,100,100,100,100,0,0,0,retained
SRR13921545.911,100,100,100,100,0,0,0,retained
SRR13921545.912,100,100,100,100,0,0,0,retained
SRR13921545.913,100,100,100,100,0,0,0,retained
SRR13921545.914,100,100,100,100,0,0,0,retained
SRR13921545.915,100,100,100,100,0,0,0,retained
SRR13921545.916,100,100,100,100,0,0,0,retained
SRR13921545.917,100,100,100,100,0,0,0,retained
SRR13921545.918,100,100,100,100,0,0,0,retained
SRR13921545.919,100,100,100,100,0,0,0,retained
SRR13921545.920,100,100,100,100,0,0,0,retained
SRR13921545.921,100,100,100,100,0,0,0,retained
SRR13921545.922,100,100,100,100,0,0,0,retained
SRR13921545.923,100,100,100,100,0,0,0,retained
SRR13921545.924,100,100,100,100,0,0,0,retained
SRR13921545.925,100,100,100,100,0,0,0,retained
SRR13921545.926,100,100,100,100,0,0,0,retained
SRR13921545.927,100,100,100,100,0,0,0,retained
SRR13921545.928,100,100,100,100,0,0,0,retained
SRR13921545.929,100,100,100,100,0,0,0,retained
SRR13921545.930,100,100,100,100,0,0,0,retained
SRR13921545.931,100,100,100,100,0,0,0,retained
SRR13921545.932,100,100,100,100,0,0,0,retained
SRR13921545.933,100,100,100,100,0,0,0,retained
SRR13921545.934,100,99,99,99,1,0,1,retained
SRR13921545.935,100,100,100,100,0,0,0,retained
SRR13921545.936,100,100,100,100,0,0,0,retained
SRR13921545.937,100,100,100,100,0,0,0,retained
SRR13921545.938,100,100,100,100,0,0,0,retained
SRR13921545.939,100,100,100,100,0,0,0,retained
SRR13921545.940,100,100,100,100,0,0,0,retained
SRR13921545.941,100,100,100,100,0,0,0,retained
SRR13921545.942,100,100,100,100,0,0,0,retained
SRR13921545.943,100,100,100,100,0,0,0,retained
SRR13921545.944,100,100,100,100,0,0,0,retained
SRR13921545.945,100,100,100,100,0,0,0,retained
SRR13921545.946,100,100,100,100,0,0,0,retained
SRR13921545.947,100,100,100,100,0,0,0,retained
SRR13921545.948,100,100,100,100,0,0,0,retained
SRR13921545.949,100,100,100,100,0,0,0,retained
SRR13921545.950,100,100,100,100,0,0,0,retained
SRR13921545.951,100,100,100,100,0,0,0,retained
SRR13921545.952,100,100,100,100,0,0,0,retained
SRR13921545.953,100,100,100,100,0,0,0,retained
SRR13921545.954,100,100,100,100,0,0,0,retained
SRR13921545.955,100,100,100,100,0,0,0,retained
SRR13921545.956,100,100,100,100,0,0,0,retained
SRR13921545.957,100,100,100,100,0,0,0,retained
SRR13921545.958,100,100,100,100,0,0,0,retained
SRR13921545.959,100,100,100,100,0,0,0,retained
SRR13921545.960,100,100,100,100,0,0,0,retained
SRR13921545.961,100,100,100,100,0,0,0,retained
SRR13921545.962,100,100,100,100,0,0,0,retained
SRR13921545.963,100,100,100,100,0,0,0,retained
SRR13921545.964,100,100,100,100,0,0,0,retained
SRR13921545.965,100,100,100,100,0,0,0,retained
SRR13921545.966,100,100,100,100,0,0,0,retained
SRR13921545.967,100,100,100,100,0,0,0,retained
SRR13921545.968,100,100,100,100,0,0,0,retained
SRR13921545.969,100,100,100,100,0,0,0,retained
SRR13921545.970,100,100,100,100,0,0,0,retained
SRR13921545.971,100,100,100,100,0,0,0,retained
SRR13921545.972,100,100,100,100,0,0,0,retained
SRR13921545.973,100,100,100,100,0,0,0,retained
SRR13921545.974,100,100,100,100,0,0,0,retained
SRR13921545.975,100,100,100,100,0,0,0,retained
SRR13921545.976,100,100,100,100,0,0,0,retained
SRR13921545.977,100,100,100,100,0,0,0,retained
SRR13921545.978,100,100,100,100,0,0,0,retained
SRR13921545.979,100,100,100,100,0,0,0,retained
SRR13921545.980,100,100,100,100,0,0,0,retained
SRR13921545.981,100,100,100,100,0,0,0,retained
SRR13921545.982,100,100,100,100,0,0,0,retained
SRR13921545.983,100,100,100,100,0,0,0,retained
SRR13921545.984,100,100,100,100,0,0,0,retained
SRR13921545.985,100,100,100,100,0,0,0,retained
SRR13921545.986,100,100,100,100,0,0,0,retained
SRR13921545.987,100,100,100,100,0,0,0,retained
SRR13921545.988,100,100,100,100,0,0,0,retained
SRR13921545.989,100,100,100,100,0,0,0,retained
SRR13921545.990,100,100,100,100,0,0,0,retained
SRR13921545.991,100,100,100,100,0,0,0,retained
SRR13921545.992,100,100,100,100,0,0,0,retained
SRR13921545.993,100,100,100,100,0,0,0,retained
SRR13921545.994,100,100,100,100,0,0,0,retained
SRR13921545.995,100,100,100,100,0,0,0,retained
SRR13921545.996,100,100,100,100,0,0,0,retained
SRR13921545.997,100,100,100,100,0,0,0,retained
SRR13921545.998,100,100,100,100,0,0,0,retained
SRR13921545.999,100,100,100,100,0,0,0,retained
SRR13921545.1000,100,100,100,100,0,0,0,retained
SRR13921545.1001,100,100,100,100,0,0,0,retained
SRR13921545.1002,100,100,100,100,0,0,0,retained
SRR13921545.1003,100,100,100,100,0,0,0,retained
SRR13921545.1004,100,100,100,100,0,0,0,retained
SRR13921545.1005,100,100,100,100,0,0,0,retained
SRR13921545.1006,100,100,100,100,0,0,0,retained
SRR13921545.1007,100,100,100,100,0,0,0,retained
SRR13921545.1008,100,100,100,100,0,0,0,retained
SRR13921545.1009,100,100,100,100,0,0,0,retained
SRR13921545.1010,100,100,100,100,0,0,0,retained
SRR13921545.1011,100,100,100,100,0,0,0,retained
SRR13921545.1012,100,100,100,100,0,0,0,retained
SRR13921545.1013,100,100,100,100,0,0,0,retained
SRR13921545.1014,100,100,100,100,0,0,0,retained
SRR13921545.1015,100,100,100,100,0,0,0,retained
SRR13921545.1016,100,100,100,100,0,0,0,retained
SRR13921545.1017,100,100,100,100,0,0,0,retained
SRR13921545.1018,100,100,100,100,0,0,0,retained
SRR13921545.1019,100,100,100,100,0,0,0,retained
SRR13921545.1020,100,100,100,100,0,0,0,retained
SRR13921545.1021,100,100,100,100,0,0,0,retained
SRR13921545.1022,100,100,100,100,0,0,0,retained
SRR13921545.1023,100,100,100,100,0,0,0,retained
SRR13921545.1024,100,100,100,100,0,0,0,retained
SRR13921545.1025,100,100,100,100,0,0,0,retained
SRR13921545.1026,100,100,100,100,0,0,0,retained
SRR13921545.1027,100,100,100,100,0,0,0,retained
SRR13921545.1028,100,100,100,100,0,0,0,retained
SRR13921545.1029,100,100,100,100,0,0,0,retained
SRR13921545.1030,100,100,100,100,0,0,0,retained
SRR13921545.1031,100,100,100,100,0,0,0,retained
SRR13921545.1032,100,100,100,100,0,0,0,retained
SRR13921545.1033,100,100,100,100,0,0,0,retained
SRR13921545.1034,100,100,100,100,0,0,0,retained
SRR13921545.1035,100,100,100,100,0,0,0,retained
SRR13921545.1036,100,100,100,100,0,0,0,retained
SRR13921545.1037,100,100,100,100,0,0,0,retained
SRR13921545.1038,100,100,100,100,0,0,0,retained
SRR13921545.1039,100,100,100,100,0,0,0,retained
SRR13921545.1040,100,100,100,100,0,0,0,retained
SRR13921545.1041,100,100,100,100,0,0,0,retained
SRR13921545.1042,100,100,100,100,0,0,0,retained
SRR13921545.1043,100,100,100,100,0,0,0,retained
SRR13921545.1044,100,100,100,100,0,0,0,retained
SRR13921545.1045,100,100,100,100,0,0,0,retained
SRR13921545.1046,100,100,100,100,0,0,0,retained
SRR13921545.1047,100,100,100,100,0,0,0,retained
SRR13921545.1048,100,100,100,100,0,0,0,retained
SRR13921545.1049,100,100,100,100,0,0,0,retained
SRR13921545.1050,100,100,100,100,0,0,0,retained
SRR13921545.1051,100,100,100,100,0,0,0,retained
SRR13921545.1052,100,100,100,100,0,0,0,retained
SRR13921545.1053,100,100,100,100,0,0,0,retained
SRR13921545.1054,100,100,100,100,0,0,0,retained
SRR13921545.1055,100,100,100,100,0,0,0,retained
SRR13921545.1056,100,100,100,100,0,0,0,retained
SRR13921545.1057,100,100,100,100,0,0,0,retained
SRR13921545.1058,100,100,100,100,0,0,0,retained
SRR13921545.1059,100,100,100,100,0,0,0,retained
SRR13921545.1060,100,100,100,100,0,0,0,retained
SRR13921545.1061,100,99,99,99,1,0,1,retained
SRR13921545.1062,100,100,100,100,0,0,0,retained
SRR13921545.1063,100,100,100,100,0,0,0,retained
SRR13921545.1064,100,100,100,100,0,0,0,retained
SRR13921545.1065,100,100,100,100,0,0,0,retained
SRR13921545.1066,100,100,100,100,0,0,0,retained
SRR13921545.1067,100,100,100,100,0,0,0,retained
SRR13921545.1068,100,98,98,98,2,0,2,retained
SRR13921545.1069,100,100,100,100,0,0,0,retained
SRR13921545.1070,100,100,100,100,0,0,0,retained
SRR13921545.1071,100,100,100,100,0,0,0,retained
SRR13921545.1072,100,100,100,100,0,0,0,retained
SRR13921545.1073,100,100,100,100,0,0,0,retained
SRR13921545.1074,100,100,100,100,0,0,0,retained
SRR13921545.1075,100,100,100,100,0,0,0,retained
SRR13921545.1076,100,100,100,100,0,0,0,retained
SRR13921545.1077,100,100,100,100,0,0,0,retained
SRR13921545.1078,100,100,100,100,0,0,0,retained
SRR13921545.1079,100,100,100,100,0,0,0,retained
SRR13921545.1080,100,100,100,100,0,0,0,retained
SRR13921545.1081,100,100,100,100,0,0,0,retained
SRR13921545.1082,100,100,100,100,0,0,0,retained
SRR13921545.1083,100,100,100,100,0,0,0,retained
SRR13921545.1084,100,100,100,100,0,0,0,retained
SRR13921545.1085,100,100,100,100,0,0,0,retained
SRR13921545.1086,100,100,87,87,0,13,13,retained
SRR13921545.1087,100,100,100,100,0,0,0,retained
SRR13921545.1088,100,100,100,100,0,0,0,retained
SRR13921545.1089,100,100,100,100,0,0,0,retained
SRR13921545.1090,100,100,100,100,0,0,0,retained
SRR13921545.1091,100,100,100,100,0,0,0,retained
SRR13921545.1092,100,100,100,100,0,0,0,retained
SRR13921545.1093,100,100,100,100,0,0,0,retained
SRR13921545.1094,100,100,100,100,0,0,0,retained
SRR13921545.1095,100,100,100,100,0,0,0,retained
SRR13921545.1096,100,100,100,100,0,0,0,retained
SRR13921545.1097,100,100,100,100,0,0,0,retained
SRR13921545.1098,100,100,100,100,0,0,0,retained
SRR13921545.1099,100,100,100,100,0,0,0,retained
SRR13921545.1100,100,100,100,100,0,0,0,retained
SRR13921545.1101,100,100,100,100,0,0,0,retained
SRR13921545.1102,100,100,100,100,0,0,0,retained
SRR13921545.1103,100,100,100,100,0,0,0,retained
SRR13921545.1104,100,100,100,100,0,0,0,retained
SRR13921545.1105,100,100,100,100,0,0,0,retained
SRR13921545.1106,100,100,100,100,0,0,0,retained
SRR13921545.1107,100,100,100,100,0,0,0,retained
SRR13921545.1108,100,100,100,100,0,0,0,retained
SRR13921545.1109,100,100,100,100,0,0,0,retained
SRR13921545.1110,100,100,100,100,0,0,0,retained
SRR13921545.1111,100,100,100,100,0,0,0,retained
SRR13921545.1112,100,100,100,100,0,0,0,retained
SRR13921545.1113,100,100,100,100,0,0,0,retained
SRR13921545.1114,100,100,100,100,0,0,0,retained
SRR13921545.1115,100,100,100,100,0,0,0,retained
SRR13921545.1116,100,100,100,100,0,0,0,retained
SRR13921545.1117,100,100,100,100,0,0,0,retained
SRR13921545.1118,100,100,100,100,0,0,0,retained
SRR13921545.1119,100,100,100,100,0,0,0,retained
SRR13921545.1120,100,100,100,100,0,0,0,retained
SRR13921545.1121,100,100,100,100,0,0,0,retained
SRR13921545.1122,100,100,84,84,0,16,16,retained
SRR13921545.1123,100,100,100,100,0,0,0,retained
SRR13921545.1124,100,100,100,100,0,0,0,retained
SRR13921545.1125,100,100,100,100,0,0,0,retained
SRR13921545.1126,100,100,100,100,0,0,0,retained
SRR13921545.1127,100,100,100,100,0,0,0,retained
SRR13921545.1128,100,100,100,100,0,0,0,retained
SRR13921545.1129,100,100,100,100,0,0,0,retained
SRR13921545.1130,100,100,100,100,0,0,0,retained
SRR13921545.1131,100,100,100,100,0,0,0,retained
SRR13921545.1132,100,100,100,100,0,0,0,retained
SRR13921545.1133,100,100,100,100,0,0,0,retained
SRR13921545.1134,100,100,100,100,0,0,0,retained
SRR13921545.1135,100,100,100,100,0,0,0,retained
SRR13921545.1136,100,100,100,100,0,0,0,retained
SRR13921545.1137,100,100,100,100,0,0,0,retained
SRR13921545.1138,100,100,100,100,0,0,0,retained
SRR13921545.1139,100,100,100,100,0,0,0,retained
SRR13921545.1140,100,100,100,100,0,0,0,retained
SRR13921545.1141,100,100,100,100,0,0,0,retained
SRR13921545.1142,100,100,100,100,0,0,0,retained
SRR13921545.1143,100,100,100,100,0,0,0,retained
SRR13921545.1144,100,100,100,100,0,0,0,retained
SRR13921545.1145,100,100,100,100,0,0,0,retained
SRR13921545.1146,100,100,100,100,0,0,0,retained
SRR13921545.1147,100,100,100,100,0,0,0,retained
SRR13921545.1148,100,100,100,100,0,0,0,retained
SRR13921545.1149,100,100,100,100,0,0,0,retained
SRR13921545.1150,100,100,100,100,0,0,0,retained
SRR13921545.1151,100,100,100,100,0,0,0,retained
SRR13921545.1152,100,100,100,100,0,0,0,retained
SRR13921545.1153,100,100,100,100,0,0,0,retained
SRR13921545.1154,100,100,100,100,0,0,0,retained
SRR13921545.1155,100,100,100,100,0,0,0,retained
SRR13921545.1156,100,100,100,100,0,0,0,retained
SRR13921545.1157,100,100,100,100,0,0,0,retained
SRR13921545.1158,100,100,100,100,0,0,0,retained
SRR13921545.1159,100,100,100,100,0,0,0,retained
SRR13921545.1160,100,100,100,100,0,0,0,retained
SRR13921545.1161,100,100,100,100,0,0,0,retained
SRR13921545.1162,100,100,100,100,0,0,0,retained
SRR13921545.1163,100,100,100,100,0,0,0,retained
SRR13921545.1164,100,100,100,100,0,0,0,retained
SRR13921545.1165,100,100,100,100,0,0,0,retained
SRR13921545.1166,100,100,100,100,0,0,0,retained
SRR13921545.1167,100,100,100,100,0,0,0,retained
SRR13921545.1168,100,100,100,100,0,0,0,retained
SRR13921545.1169,100,100,100,100,0,0,0,retained
SRR13921545.1170,100,100,100,100,0,0,0,retained
SRR13921545.1171,100,100,100,100,0,0,0,retained
SRR13921545.1172,100,100,100,100,0,0,0,retained
SRR13921545.1173,100,100,100,100,0,0,0,retained
SRR13921545.1174,100,100,100,100,0,0,0,retained
SRR13921545.1175,100,100,100,100,0,0,0,retained
SRR13921545.1176,100,100,100,100,0,0,0,retained
SRR13921545.1177,100,100,100,100,0,0,0,retained
SRR13921545.1178,100,100,100,100,0,0,0,retained
SRR13921545.1179,100,100,100,100,0,0,0,retained
SRR13921545.1180,100,100,100,100,0,0,0,retained
SRR13921545.1181,100,100,100,100,0,0,0,retained
SRR13921545.1182,100,100,100,100,0,0,0,retained
SRR13921545.1183,100,100,100,100,0,0,0,retained
SRR13921545.1184,100,100,100,100,0,0,0,retained
SRR13921545.1185,100,100,100,100,0,0,0,retained
SRR13921545.1186,100,100,100,100,0,0,0,retained
SRR13921545.1187,100,100,100,100,0,0,0,retained
SRR13921545.1188,100,100,100,100,0,0,0,retained
SRR13921545.1189,100,100,100,100,0,0,0,retained
SRR13921545.1190,100,100,100,100,0,0,0,retained
SRR13921545.1191,100,100,100,100,0,0,0,retained
SRR13921545.1192,100,100,100,100,0,0,0,retained
SRR13921545.1193,100,100,100,100,0,0,0,retained
SRR13921545.1194,100,100,100,100,0,0,0,retained
SRR13921545.1195,100,100,100,100,0,0,0,retained
SRR13921545.1196,100,100,100,100,0,0,0,retained
SRR13921545.1197,100,100,100,100,0,0,0,retained
SRR13921545.1198,100,100,100,100,0,0,0,retained
SRR13921545.1199,100,100,100,100,0,0,0,retained
SRR13921545.1200,100,100,100,100,0,0,0,retained
SRR13921545.1201,100,100,100,100,0,0,0,retained
SRR13921545.1202,100,100,100,100,0,0,0,retained
SRR13921545.1203,100,100,100,100,0,0,0,retained
SRR13921545.1204,100,100,100,100,0,0,0,retained
SRR13921545.1205,100,100,100,100,0,0,0,retained
SRR13921545.1206,100,100,100,100,0,0,0,retained
SRR13921545.1207,100,100,100,100,0,0,0,retained
SRR13921545.1208,100,100,100,100,0,0,0,retained
SRR13921545.1209,100,100,100,100,0,0,0,retained
SRR13921545.1210,100,100,100,100,0,0,0,retained
SRR13921545.1211,100,100,100,100,0,0,0,retained
SRR13921545.1212,100,100,100,100,0,0,0,retained
SRR13921545.1213,100,100,100,100,0,0,0,retained
SRR13921545.1214,100,100,100,100,0,0,0,retained
SRR13921545.1215,100,100,100,100,0,0,0,retained
SRR13921545.1216,100,100,100,100,0,0,0,retained
SRR13921545.1217,100,100,100,100,0,0,0,retained
SRR13921545.1218,100,100,100,100,0,0,0,retained
SRR13921545.1219,100,100,100,100,0,0,0,retained
SRR13921545.1220,100,100,100,100,0,0,0,retained
SRR13921545.1221,100,100,100,100,0,0,0,retained
SRR13921545.1222,100,100,100,100,0,0,0,retained
SRR13921545.1223,100,100,100,100,0,0,0,retained
SRR13921545.1224,100,100,100,100,0,0,0,retained
SRR13921545.1225,100,100,100,100,0,0,0,retained
SRR13921545.1226,100,100,100,100,0,0,0,retained
SRR13921545.1227,100,99,99,99,1,0,1,retained
SRR13921545.1228,100,100,100,100,0,0,0,retained
SRR13921545.1229,100,100,100,100,0,0,0,retained
SRR13921545.1230,100,100,100,100,0,0,0,retained
SRR13921545.1231,100,100,100,100,0,0,0,retained
SRR13921545.1232,100,100,100,100,0,0,0,retained
SRR13921545.1233,100,100,100,100,0,0,0,retained
SRR13921545.1234,100,100,100,100,0,0,0,retained
SRR13921545.1235,100,100,100,100,0,0,0,retained
SRR13921545.1236,100,100,100,100,0,0,0,retained
SRR13921545.1237,100,100,100,100,0,0,0,retained
SRR13921545.1238,100,100,100,100,0,0,0,retained
SRR13921545.1239,100,100,100,100,0,0,0,retained
SRR13921545.1240,100,100,100,100,0,0,0,retained
SRR13921545.1241,100,100,100,100,0,0,0,retained
SRR13921545.1242,100,100,100,100,0,0,0,retained
SRR13921545.1243,100,100,100,100,0,0,0,retained
SRR13921545.1244,100,100,100,100,0,0,0,retained
SRR13921545.1245,100,100,100,100,0,0,0,retained
SRR13921545.1246,100,100,100,100,0,0,0,retained
SRR13921545.1247,100,100,100,100,0,0,0,retained
SRR13921545.1248,100,100,100,100,0,0,0,retained
SRR13921545.1249,100,100,100,100,0,0,0,retained
SRR13921545.1250,100,99,99,99,1,0,1,retained
SRR13921545.1251,100,100,100,100,0,0,0,retained
SRR13921545.1252,100,100,100,100,0,0,0,retained
SRR13921545.1253,100,100,100,100,0,0,0,retained
SRR13921545.1254,100,100,100,100,0,0,0,retained
SRR13921545.1255,100,100,100,100,0,0,0,retained
SRR13921545.1256,100,100,100,100,0,0,0,retained
SRR13921545.1257,100,100,100,100,0,0,0,retained
SRR13921545.1258,100,99,99,99,1,0,1,retained
SRR13921545.1259,100,100,100,100,0,0,0,retained
SRR13921545.1260,100,100,100,100,0,0,0,retained
SRR13921545.1261,100,100,100,100,0,0,0,retained
SRR13921545.1262,100,99,99,99,1,0,1,retained
SRR13921545.1263,100,100,100,100,0,0,0,retained
SRR13921545.1264,100,100,100,100,0,0,0,retained
SRR13921545.1265,100,100,100,100,0,0,0,retained
SRR13921545.1266,100,100,100,100,0,0,0,retained
SRR13921545.1267,100,100,100,100,0,0,0,retained
SRR13921545.1268,100,100,100,100,0,0,0,retained
SRR13921545.1269,100,100,100,100,0,0,0,retained
SRR13921545.1270,100,100,100,100,0,0,0,retained
SRR13921545.1271,100,100,100,100,0,0,0,retained
SRR13921545.1272,100,100,100,100,0,0,0,retained
SRR13921545.1273,100,100,100,100,0,0,0,retained
SRR13921545.1274,100,100,100,100,0,0,0,retained
SRR13921545.1275,100,100,100,100,0,0,0,retained
SRR13921545.1276,100,100,74,74,0,26,26,discarded_too_short
SRR13921545.1277,100,100,100,100,0,0,0,retained
SRR13921545.1278,100,100,100,100,0,0,0,retained
SRR13921545.1279,100,100,100,100,0,0,0,retained
SRR13921545.1280,100,100,100,100,0,0,0,retained
SRR13921545.1281,100,100,100,100,0,0,0,retained
SRR13921545.1282,100,100,100,100,0,0,0,retained
SRR13921545.1283,100,100,100,100,0,0,0,retained
SRR13921545.1284,100,100,100,100,0,0,0,retained
SRR13921545.1285,100,100,100,100,0,0,0,retained
SRR13921545.1286,100,100,100,100,0,0,0,retained
SRR13921545.1287,100,100,100,100,0,0,0,retained
SRR13921545.1288,100,100,100,100,0,0,0,retained
SRR13921545.1289,100,100,100,100,0,0,0,retained
SRR13921545.1290,100,100,100,100,0,0,0,retained
SRR13921545.1291,100,100,85,85,0,15,15,retained
SRR13921545.1292,100,100,100,100,0,0,0,retained
SRR13921545.1293,100,100,100,100,0,0,0,retained
SRR13921545.1294,100,100,100,100,0,0,0,retained
SRR13921545.1295,100,100,100,100,0,0,0,retained
SRR13921545.1296,100,100,100,100,0,0,0,retained
SRR13921545.1297,100,100,100,100,0,0,0,retained
SRR13921545.1298,100,100,100,100,0,0,0,retained
SRR13921545.1299,100,100,100,100,0,0,0,retained
SRR13921545.1300,100,100,100,100,0,0,0,retained
SRR13921545.1301,100,100,100,100,0,0,0,retained
SRR13921545.1302,100,100,100,100,0,0,0,retained
SRR13921545.1303,100,100,100,100,0,0,0,retained
SRR13921545.1304,100,100,100,100,0,0,0,retained
SRR13921545.1305,100,100,100,100,0,0,0,retained
SRR13921545.1306,100,100,100,100,0,0,0,retained
SRR13921545.1307,100,100,100,100,0,0,0,retained
SRR13921545.1308,100,100,100,100,0,0,0,retained
SRR13921545.1309,100,100,100,100,0,0,0,retained
SRR13921545.1310,100,100,100,100,0,0,0,retained
SRR13921545.1311,100,100,100,100,0,0,0,retained
SRR13921545.1312,100,100,100,100,0,0,0,retained
SRR13921545.1313,100,100,100,100,0,0,0,retained
SRR13921545.1314,100,100,100,100,0,0,0,retained
SRR13921545.1315,100,100,100,100,0,0,0,retained
SRR13921545.1316,100,100,100,100,0,0,0,retained
SRR13921545.1317,100,100,100,100,0,0,0,retained
SRR13921545.1318,100,100,100,100,0,0,0,retained
SRR13921545.1319,100,100,100,100,0,0,0,retained
SRR13921545.1320,100,100,100,100,0,0,0,retained
SRR13921545.1321,100,100,100,100,0,0,0,retained
SRR13921545.1322,100,100,100,100,0,0,0,retained
SRR13921545.1323,100,100,100,100,0,0,0,retained
SRR13921545.1324,100,100,100,100,0,0,0,retained
SRR13921545.1325,100,100,100,100,0,0,0,retained
SRR13921545.1326,100,100,100,100,0,0,0,retained
SRR13921545.1327,100,100,100,100,0,0,0,retained
SRR13921545.1328,100,100,100,100,0,0,0,retained
SRR13921545.1329,100,100,100,100,0,0,0,retained
SRR13921545.1330,100,100,100,100,0,0,0,retained
SRR13921545.1331,100,100,100,100,0,0,0,retained
SRR13921545.1332,100,100,100,100,0,0,0,retained
SRR13921545.1333,100,100,100,100,0,0,0,retained
SRR13921545.1334,100,100,100,100,0,0,0,retained
SRR13921545.1335,100,100,100,100,0,0,0,retained
SRR13921545.1336,100,100,100,100,0,0,0,retained
SRR13921545.1337,100,100,100,100,0,0,0,retained
SRR13921545.1338,100,100,100,100,0,0,0,retained
SRR13921545.1339,100,100,100,100,0,0,0,retained
SRR13921545.1340,100,100,100,100,0,0,0,retained
SRR13921545.1341,100,100,100,100,0,0,0,retained
SRR13921545.1342,100,100,100,100,0,0,0,retained
SRR13921545.1343,100,100,100,100,0,0,0,retained
SRR13921545.1344,100,100,100,100,0,0,0,retained
SRR13921545.1345,100,100,100,100,0,0,0,retained
SRR13921545.1346,100,100,100,100,0,0,0,retained
SRR13921545.1347,100,100,100,100,0,0,0,retained
SRR13921545.1348,100,100,100,100,0,0,0,retained
SRR13921545.1349,100,100,100,100,0,0,0,retained
SRR13921545.1350,100,100,100,100,0,0,0,retained
SRR13921545.1351,100,100,100,100,0,0,0,retained
SRR13921545.1352,100,100,100,100,0,0,0,retained
SRR13921545.1353,100,100,100,100,0,0,0,retained
SRR13921545.1354,100,100,100,100,0,0,0,retained
SRR13921545.1355,100,100,100,100,0,0,0,retained
SRR13921545.1356,100,100,100,100,0,0,0,retained
SRR13921545.1357,100,100,100,100,0,0,0,retained
SRR13921545.1358,100,100,100,100,0,0,0,retained
SRR13921545.1359,100,100,100,100,0,0,0,retained
SRR13921545.1360,100,100,100,100,0,0,0,retained
SRR13921545.1361,100,100,100,100,0,0,0,retained
SRR13921545.1362,100,100,100,100,0,0,0,retained
SRR13921545.1363,100,100,100,100,0,0,0,retained
SRR13921545.1364,100,100,100,100,0,0,0,retained
SRR13921545.1365,100,100,100,100,0,0,0,retained
SRR13921545.1366,100,100,100,100,0,0,0,retained
SRR13921545.1367,100,100,100,100,0,0,0,retained
SRR13921545.1368,100,100,100,100,0,0,0,retained
SRR13921545.1369,100,100,100,100,0,0,0,retained
SRR13921545.1370,100,100,100,100,0,0,0,retained
SRR13921545.1371,100,100,100,100,0,0,0,retained
SRR13921545.1372,100,100,100,100,0,0,0,retained
SRR13921545.1373,100,100,100,100,0,0,0,retained
SRR13921545.1374,100,100,100,100,0,0,0,retained
SRR13921545.1375,100,99,99,99,1,0,1,retained
SRR13921545.1376,100,100,100,100,0,0,0,retained
SRR13921545.1377,100,100,100,100,0,0,0,retained
SRR13921545.1378,100,100,100,100,0,0,0,retained
SRR13921545.1379,100,100,100,100,0,0,0,retained
SRR13921545.1380,100,100,100,100,0,0,0,retained
SRR13921545.1381,100,100,100,100,0,0,0,retained
SRR13921545.1382,100,100,100,100,0,0,0,retained
SRR13921545.1383,100,100,100,100,0,0,0,retained
SRR13921545.1384,100,100,100,100,0,0,0,retained
SRR13921545.1385,100,100,100,100,0,0,0,retained
SRR13921545.1386,100,100,100,100,0,0,0,retained
SRR13921545.1387,100,100,100,100,0,0,0,retained
SRR13921545.1388,100,100,100,100,0,0,0,retained
SRR13921545.1389,100,100,100,100,0,0,0,retained
SRR13921545.1390,100,100,100,100,0,0,0,retained
SRR13921545.1391,100,100,100,100,0,0,0,retained
SRR13921545.1392,100,100,100,100,0,0,0,retained
SRR13921545.1393,100,100,100,100,0,0,0,retained
SRR13921545.1394,100,100,100,100,0,0,0,retained
SRR13921545.1395,100,100,100,100,0,0,0,retained
SRR13921545.1396,100,100,100,100,0,0,0,retained
SRR13921545.1397,100,100,100,100,0,0,0,retained
SRR13921545.1398,100,100,100,100,0,0,0,retained
SRR13921545.1399,100,100,100,100,0,0,0,retained
SRR13921545.1400,100,99,99,99,1,0,1,retained
SRR13921545.1401,100,100,100,100,0,0,0,retained
SRR13921545.1402,100,100,100,100,0,0,0,retained
SRR13921545.1403,100,100,100,100,0,0,0,retained
SRR13921545.1404,100,100,100,100,0,0,0,retained
SRR13921545.1405,100,100,100,100,0,0,0,retained
SRR13921545.1406,100,100,100,100,0,0,0,retained
SRR13921545.1407,100,100,100,100,0,0,0,retained
SRR13921545.1408,100,100,100,100,0,0,0,retained
SRR13921545.1409,100,100,100,100,0,0,0,retained
SRR13921545.1410,100,100,100,100,0,0,0,retained
SRR13921545.1411,100,100,100,100,0,0,0,retained
SRR13921545.1412,100,100,100,100,0,0,0,retained
SRR13921545.1413,100,98,98,98,2,0,2,retained
SRR13921545.1414,100,100,100,100,0,0,0,retained
SRR13921545.1415,100,100,100,100,0,0,0,retained
SRR13921545.1416,100,100,100,100,0,0,0,retained
SRR13921545.1417,100,100,100,100,0,0,0,retained
SRR13921545.1418,100,100,100,100,0,0,0,retained
SRR13921545.1419,100,100,100,100,0,0,0,retained
SRR13921545.1420,100,100,100,100,0,0,0,retained
SRR13921545.1421,100,100,100,100,0,0,0,retained
SRR13921545.1422,100,100,100,100,0,0,0,retained
SRR13921545.1423,100,100,100,100,0,0,0,retained
SRR13921545.1424,100,100,100,100,0,0,0,retained
SRR13921545.1425,100,100,100,100,0,0,0,retained
SRR13921545.1426,100,100,100,100,0,0,0,retained
SRR13921545.1427,100,100,100,100,0,0,0,retained
SRR13921545.1428,100,100,100,100,0,0,0,retained
SRR13921545.1429,100,100,100,100,0,0,0,retained
SRR13921545.1430,100,100,100,100,0,0,0,retained
SRR13921545.1431,100,100,100,100,0,0,0,retained
SRR13921545.1432,100,100,100,100,0,0,0,retained
SRR13921545.1433,100,100,100,100,0,0,0,retained
SRR13921545.1434,100,100,100,100,0,0,0,retained
SRR13921545.1435,100,100,100,100,0,0,0,retained
SRR13921545.1436,100,100,100,100,0,0,0,retained
SRR13921545.1437,100,100,100,100,0,0,0,retained
SRR13921545.1438,100,100,100,100,0,0,0,retained
SRR13921545.1439,100,100,100,100,0,0,0,retained
SRR13921545.1440,100,100,100,100,0,0,0,retained
SRR13921545.1441,100,100,100,100,0,0,0,retained
SRR13921545.1442,100,100,100,100,0,0,0,retained
SRR13921545.1443,100,100,100,100,0,0,0,retained
SRR13921545.1444,100,100,100,100,0,0,0,retained
SRR13921545.1445,100,100,100,100,0,0,0,retained
SRR13921545.1446,100,100,100,100,0,0,0,retained
SRR13921545.1447,100,100,100,100,0,0,0,retained
SRR13921545.1448,100,100,100,100,0,0,0,retained
SRR13921545.1449,100,100,100,100,0,0,0,retained
SRR13921545.1450,100,100,100,100,0,0,0,retained
SRR13921545.1451,100,100,100,100,0,0,0,retained
SRR13921545.1452,100,100,100,100,0,0,0,retained
SRR13921545.1453,100,100,100,100,0,0,0,retained
SRR13921545.1454,100,100,100,100,0,0,0,retained
SRR13921545.1455,100,100,100,100,0,0,0,retained
SRR13921545.1456,100,100,100,100,0,0,0,retained
SRR13921545.1457,100,100,100,100,0,0,0,retained
SRR13921545.1458,100,100,100,100,0,0,0,retained
SRR13921545.1459,100,100,100,100,0,0,0,retained
SRR13921545.1460,100,100,100,100,0,0,0,retained
SRR13921545.1461,100,100,100,100,0,0,0,retained
SRR13921545.1462,100,100,85,85,0,15,15,retained
SRR13921545.1463,100,100,100,100,0,0,0,retained
SRR13921545.1464,100,100,100,100,0,0,0,retained
SRR13921545.1465,100,100,100,100,0,0,0,retained
SRR13921545.1466,100,100,100,100,0,0,0,retained
SRR13921545.1467,100,100,100,100,0,0,0,retained
SRR13921545.1468,100,100,100,100,0,0,0,retained
SRR13921545.1469,100,100,100,100,0,0,0,retained
SRR13921545.1470,100,100,100,100,0,0,0,retained
SRR13921545.1471,100,100,100,100,0,0,0,retained
SRR13921545.1472,100,100,100,100,0,0,0,retained
SRR13921545.1473,100,100,100,100,0,0,0,retained
SRR13921545.1474,100,100,100,100,0,0,0,retained
SRR13921545.1475,100,100,100,100,0,0,0,retained
SRR13921545.1476,100,100,100,100,0,0,0,retained
SRR13921545.1477,100,100,100,100,0,0,0,retained
SRR13921545.1478,100,100,100,100,0,0,0,retained
SRR13921545.1479,100,100,100,100,0,0,0,retained
SRR13921545.1480,100,100,100,100,0,0,0,retained
SRR13921545.1481,100,100,100,100,0,0,0,retained
SRR13921545.1482,100,100,100,100,0,0,0,retained
SRR13921545.1483,100,100,100,100,0,0,0,retained
SRR13921545.1484,100,100,100,100,0,0,0,retained
SRR13921545.1485,100,100,100,100,0,0,0,retained
SRR13921545.1486,100,100,100,100,0,0,0,retained
SRR13921545.1487,100,100,100,100,0,0,0,retained
SRR13921545.1488,100,100,100,100,0,0,0,retained
SRR13921545.1489,100,100,100,100,0,0,0,retained
SRR13921545.1490,100,100,100,100,0,0,0,retained
SRR13921545.1491,100,100,100,100,0,0,0,retained
SRR13921545.1492,100,100,100,100,0,0,0,retained
SRR13921545.1493,100,100,100,100,0,0,0,retained
SRR13921545.1494,100,100,100,100,0,0,0,retained
SRR13921545.1495,100,100,100,100,0,0,0,retained
SRR13921545.1496,100,100,100,100,0,0,0,retained
SRR13921545.1497,100,100,100,100,0,0,0,retained
SRR13921545.1498,100,100,100,100,0,0,0,retained
SRR13921545.1499,100,100,100,100,0,0,0,retained
SRR13921545.1500,100,100,100,100,0,0,0,retained
SRR13921545.1501,100,100,100,100,0,0,0,retained
SRR13921545.1502,100,100,100,100,0,0,0,retained
SRR13921545.1503,100,100,100,100,0,0,0,retained
SRR13921545.1504,100,100,100,100,0,0,0,retained
SRR13921545.1505,100,100,100,100,0,0,0,retained
SRR13921545.1506,100,100,100,100,0,0,0,retained
SRR13921545.1507,100,100,100,100,0,0,0,retained
SRR13921545.1508,100,100,100,100,0,0,0,retained
SRR13921545.1509,100,100,100,100,0,0,0,retained
SRR13921545.1510,100,100,100,100,0,0,0,retained
SRR13921545.1511,100,100,100,100,0,0,0,retained
SRR13921545.1512,100,100,100,100,0,0,0,retained
SRR13921545.1513,100,100,100,100,0,0,0,retained
SRR13921545.1514,100,100,100,100,0,0,0,retained
SRR13921545.1515,100,100,100,100,0,0,0,retained
SRR13921545.1516,100,100,100,100,0,0,0,retained
SRR13921545.1517,100,100,100,100,0,0,0,retained
SRR13921545.1518,100,100,100,100,0,0,0,retained
SRR13921545.1519,100,100,100,100,0,0,0,retained
SRR13921545.1520,100,100,100,100,0,0,0,retained
SRR13921545.1521,100,100,100,100,0,0,0,retained
SRR13921545.1522,100,100,100,100,0,0,0,retained
SRR13921545.1523,100,100,100,100,0,0,0,retained
SRR13921545.1524,100,100,100,100,0,0,0,retained
SRR13921545.1525,100,97,97,97,3,0,3,retained
SRR13921545.1526,100,100,100,100,0,0,0,retained
SRR13921545.1527,100,100,100,100,0,0,0,retained
SRR13921545.1528,100,100,100,100,0,0,0,retained
SRR13921545.1529,100,100,100,100,0,0,0,retained
SRR13921545.1530,100,100,100,100,0,0,0,retained
SRR13921545.1531,100,100,100,100,0,0,0,retained
SRR13921545.1532,100,100,100,100,0,0,0,retained
SRR13921545.1533,100,100,100,100,0,0,0,retained
SRR13921545.1534,100,100,100,100,0,0,0,retained
SRR13921545.1535,100,100,100,100,0,0,0,retained
SRR13921545.1536,100,100,100,100,0,0,0,retained
SRR13921545.1537,100,100,100,100,0,0,0,retained
SRR13921545.1538,100,100,100,100,0,0,0,retained
SRR13921545.1539,100,100,100,100,0,0,0,retained
SRR13921545.1540,100,100,100,100,0,0,0,retained
SRR13921545.1541,100,100,100,100,0,0,0,retained
SRR13921545.1542,100,100,100,100,0,0,0,retained
SRR13921545.1543,100,100,58,58,0,42,42,discarded_too_short
SRR13921545.1544,100,100,100,100,0,0,0,retained
SRR13921545.1545,100,100,100,100,0,0,0,retained
SRR13921545.1546,100,100,100,100,0,0,0,retained
SRR13921545.1547,100,100,100,100,0,0,0,retained
SRR13921545.1548,100,100,100,100,0,0,0,retained
SRR13921545.1549,100,100,100,100,0,0,0,retained
SRR13921545.1550,100,100,100,100,0,0,0,retained
SRR13921545.1551,100,100,100,100,0,0,0,retained
SRR13921545.1552,100,100,100,100,0,0,0,retained
SRR13921545.1553,100,100,100,100,0,0,0,retained
SRR13921545.1554,100,100,100,100,0,0,0,retained
SRR13921545.1555,100,100,100,100,0,0,0,retained
SRR13921545.1556,100,100,100,100,0,0,0,retained
SRR13921545.1557,100,100,100,100,0,0,0,retained
SRR13921545.1558,100,100,100,100,0,0,0,retained
SRR13921545.1559,100,100,100,100,0,0,0,retained
SRR13921545.1560,100,100,100,100,0,0,0,retained
SRR13921545.1561,100,100,100,100,0,0,0,retained
SRR13921545.1562,100,100,100,100,0,0,0,retained
SRR13921545.1563,100,100,100,100,0,0,0,retained
SRR13921545.1564,100,100,100,100,0,0,0,retained
SRR13921545.1565,100,100,100,100,0,0,0,retained
SRR13921545.1566,100,100,100,100,0,0,0,retained
SRR13921545.1567,100,100,100,100,0,0,0,retained
SRR13921545.1568,100,100,100,100,0,0,0,retained
SRR13921545.1569,100,100,100,100,0,0,0,retained
SRR13921545.1570,100,100,100,100,0,0,0,retained
SRR13921545.1571,100,100,100,100,0,0,0,retained
SRR13921545.1572,100,100,100,100,0,0,0,retained
SRR13921545.1573,100,100,100,100,0,0,0,retained
SRR13921545.1574,100,100,100,100,0,0,0,retained
SRR13921545.1575,100,100,100,100,0,0,0,retained
SRR13921545.1576,100,99,99,99,1,0,1,retained
SRR13921545.1577,100,100,100,100,0,0,0,retained
SRR13921545.1578,100,100,100,100,0,0,0,retained
SRR13921545.1579,100,100,100,100,0,0,0,retained
SRR13921545.1580,100,100,100,100,0,0,0,retained
SRR13921545.1581,100,100,100,100,0,0,0,retained
SRR13921545.1582,100,100,100,100,0,0,0,retained
SRR13921545.1583,100,100,100,100,0,0,0,retained
SRR13921545.1584,100,100,100,100,0,0,0,retained
SRR13921545.1585,100,100,100,100,0,0,0,retained
SRR13921545.1586,100,100,100,100,0,0,0,retained
SRR13921545.1587,100,100,100,100,0,0,0,retained
SRR13921545.1588,100,99,99,99,1,0,1,retained
SRR13921545.1589,100,100,100,100,0,0,0,retained
SRR13921545.1590,100,100,100,100,0,0,0,retained
SRR13921545.1591,100,100,100,100,0,0,0,retained
SRR13921545.1592,100,100,100,100,0,0,0,retained
SRR13921545.1593,100,100,100,100,0,0,0,retained
SRR13921545.1594,100,100,100,100,0,0,0,retained
SRR13921545.1595,100,100,100,100,0,0,0,retained
SRR13921545.1596,100,100,100,100,0,0,0,retained
SRR13921545.1597,100,100,100,100,0,0,0,retained
SRR13921545.1598,100,100,100,100,0,0,0,retained
SRR13921545.1599,100,100,100,100,0,0,0,retained
SRR13921545.1600,100,100,100,100,0,0,0,retained
SRR13921545.1601,100,100,100,100,0,0,0,retained
SRR13921545.1602,100,100,100,100,0,0,0,retained
SRR13921545.1603,100,100,100,100,0,0,0,retained
SRR13921545.1604,100,100,100,100,0,0,0,retained
SRR13921545.1605,100,100,100,100,0,0,0,retained
SRR13921545.1606,100,100,100,100,0,0,0,retained
SRR13921545.1607,100,100,100,100,0,0,0,retained
SRR13921545.1608,100,100,100,100,0,0,0,retained
SRR13921545.1609,100,100,100,100,0,0,0,retained
SRR13921545.1610,100,100,100,100,0,0,0,retained
SRR13921545.1611,100,100,100,100,0,0,0,retained
SRR13921545.1612,100,100,100,100,0,0,0,retained
SRR13921545.1613,100,100,100,100,0,0,0,retained
SRR13921545.1614,100,100,100,100,0,0,0,retained
SRR13921545.1615,100,100,100,100,0,0,0,retained
SRR13921545.1616,100,100,100,100,0,0,0,retained
SRR13921545.1617,100,100,100,100,0,0,0,retained
SRR13921545.1618,100,100,100,100,0,0,0,retained
SRR13921545.1619,100,100,100,100,0,0,0,retained
SRR13921545.1620,100,100,100,100,0,0,0,retained
SRR13921545.1621,100,100,100,100,0,0,0,retained
SRR13921545.1622,100,100,100,100,0,0,0,retained
SRR13921545.1623,100,100,100,100,0,0,0,retained
SRR13921545.1624,100,100,100,100,0,0,0,retained
SRR13921545.1625,100,100,100,100,0,0,0,retained
SRR13921545.1626,100,100,100,100,0,0,0,retained
SRR13921545.1627,100,100,100,100,0,0,0,retained
SRR13921545.1628,100,100,100,100,0,0,0,retained
SRR13921545.1629,100,100,100,100,0,0,0,retained
SRR13921545.1630,100,100,100,100,0,0,0,retained
SRR13921545.1631,100,100,100,100,0,0,0,retained
SRR13921545.1632,100,100,100,100,0,0,0,retained
SRR13921545.1633,100,100,100,100,0,0,0,retained
SRR13921545.1634,100,100,100,100,0,0,0,retained
SRR13921545.1635,100,100,100,100,0,0,0,retained
SRR13921545.1636,100,100,100,100,0,0,0,retained
SRR13921545.1637,100,100,100,100,0,0,0,retained
SRR13921545.1638,100,100,100,100,0,0,0,retained
SRR13921545.1639,100,100,100,100,0,0,0,retained
SRR13921545.1640,100,100,100,100,0,0,0,retained
SRR13921545.1641,100,100,100,100,0,0,0,retained
SRR13921545.1642,100,100,100,100,0,0,0,retained
SRR13921545.1643,100,100,100,100,0,0,0,retained
SRR13921545.1644,100,100,100,100,0,0,0,retained
SRR13921545.1645,100,100,100,100,0,0,0,retained
SRR13921545.1646,100,100,100,100,0,0,0,retained
SRR13921545.1647,100,100,100,100,0,0,0,retained
SRR13921545.1648,100,100,100,100,0,0,0,retained
SRR13921545.1649,100,100,100,100,0,0,0,retained
SRR13921545.1650,100,100,100,100,0,0,0,retained
SRR13921545.1651,100,100,100,100,0,0,0,retained
SRR13921545.1652,100,100,100,100,0,0,0,retained
SRR13921545.1653,100,100,100,100,0,0,0,retained
SRR13921545.1654,100,100,100,100,0,0,0,retained
SRR13921545.1655,100,100,100,100,0,0,0,retained
SRR13921545.1656,100,100,100,100,0,0,0,retained
SRR13921545.1657,100,100,100,100,0,0,0,retained
SRR13921545.1658,100,100,100,100,0,0,0,retained
SRR13921545.1659,100,100,100,100,0,0,0,retained
SRR13921545.1660,100,100,100,100,0,0,0,retained
SRR13921545.1661,100,100,100,100,0,0,0,retained
SRR13921545.1662,100,100,100,100,0,0,0,retained
SRR13921545.1663,100,100,100,100,0,0,0,retained
SRR13921545.1664,100,100,100,100,0,0,0,retained
SRR13921545.1665,100,100,100,100,0,0,0,retained
SRR13921545.1666,100,100,100,100,0,0,0,retained
SRR13921545.1667,100,100,100,100,0,0,0,retained
SRR13921545.1668,100,100,100,100,0,0,0,retained
SRR13921545.1669,100,100,100,100,0,0,0,retained
SRR13921545.1670,100,100,100,100,0,0,0,retained
SRR13921545.1671,100,100,100,100,0,0,0,retained
SRR13921545.1672,100,100,100,100,0,0,0,retained
SRR13921545.1673,100,100,100,100,0,0,0,retained
SRR13921545.1674,100,100,100,100,0,0,0,retained
SRR13921545.1675,100,100,100,100,0,0,0,retained
SRR13921545.1676,100,100,100,100,0,0,0,retained
SRR13921545.1677,100,100,100,100,0,0,0,retained
SRR13921545.1678,100,100,100,100,0,0,0,retained
SRR13921545.1679,100,100,78,78,0,22,22,retained
SRR13921545.1680,100,100,100,100,0,0,0,retained
SRR13921545.1681,100,100,100,100,0,0,0,retained
SRR13921545.1682,100,100,100,100,0,0,0,retained
SRR13921545.1683,100,100,100,100,0,0,0,retained
SRR13921545.1684,100,100,100,100,0,0,0,retained
SRR13921545.1685,100,100,100,100,0,0,0,retained
SRR13921545.1686,100,100,91,91,0,9,9,retained
SRR13921545.1687,100,100,100,100,0,0,0,retained
SRR13921545.1688,100,100,100,100,0,0,0,retained
SRR13921545.1689,100,100,100,100,0,0,0,retained
SRR13921545.1690,100,100,100,100,0,0,0,retained
SRR13921545.1691,100,100,100,100,0,0,0,retained
SRR13921545.1692,100,100,100,100,0,0,0,retained
SRR13921545.1693,100,100,100,100,0,0,0,retained
SRR13921545.1694,100,100,100,100,0,0,0,retained
SRR13921545.1695,100,100,100,100,0,0,0,retained
SRR13921545.1696,100,100,100,100,0,0,0,retained
SRR13921545.1697,100,100,100,100,0,0,0,retained
SRR13921545.1698,100,100,100,100,0,0,0,retained
SRR13921545.1699,100,100,100,100,0,0,0,retained
SRR13921545.1700,100,100,100,100,0,0,0,retained
SRR13921545.1701,100,100,100,100,0,0,0,retained
SRR13921545.1702,100,100,100,100,0,0,0,retained
SRR13921545.1703,100,100,100,100,0,0,0,retained
SRR13921545.1704,100,100,100,100,0,0,0,retained
SRR13921545.1705,100,100,100,100,0,0,0,retained
SRR13921545.1706,100,100,100,100,0,0,0,retained
SRR13921545.1707,100,100,100,100,0,0,0,retained
SRR13921545.1708,100,100,100,100,0,0,0,retained
SRR13921545.1709,100,100,100,100,0,0,0,retained
SRR13921545.1710,100,100,100,100,0,0,0,retained
SRR13921545.1711,100,100,100,100,0,0,0,retained
SRR13921545.1712,100,100,87,87,0,13,13,retained
SRR13921545.1713,100,100,100,100,0,0,0,retained
SRR13921545.1714,100,100,100,100,0,0,0,retained
SRR13921545.1715,100,100,100,100,0,0,0,retained
SRR13921545.1716,100,100,100,100,0,0,0,retained
SRR13921545.1717,100,100,100,100,0,0,0,retained
SRR13921545.1718,100,100,100,100,0,0,0,retained
SRR13921545.1719,100,100,100,100,0,0,0,retained
SRR13921545.1720,100,100,100,100,0,0,0,retained
SRR13921545.1721,100,100,100,100,0,0,0,retained
SRR13921545.1722,100,100,100,100,0,0,0,retained
SRR13921545.1723,100,100,100,100,0,0,0,retained
SRR13921545.1724,100,100,100,100,0,0,0,retained
SRR13921545.1725,100,100,100,100,0,0,0,retained
SRR13921545.1726,100,100,100,100,0,0,0,retained
SRR13921545.1727,100,100,100,100,0,0,0,retained
SRR13921545.1728,100,100,100,100,0,0,0,retained
SRR13921545.1729,100,99,99,99,1,0,1,retained
SRR13921545.1730,100,100,84,84,0,16,16,retained
SRR13921545.1731,100,100,100,100,0,0,0,retained
SRR13921545.1732,100,100,100,100,0,0,0,retained
SRR13921545.1733,100,100,100,100,0,0,0,retained
SRR13921545.1734,100,100,100,100,0,0,0,retained
SRR13921545.1735,100,100,100,100,0,0,0,retained
SRR13921545.1736,100,100,100,100,0,0,0,retained
SRR13921545.1737,100,100,100,100,0,0,0,retained
SRR13921545.1738,100,100,100,100,0,0,0,retained
SRR13921545.1739,100,100,100,100,0,0,0,retained
SRR13921545.1740,100,100,100,100,0,0,0,retained
SRR13921545.1741,100,100,100,100,0,0,0,retained
SRR13921545.1742,100,100,100,100,0,0,0,retained
SRR13921545.1743,100,100,100,100,0,0,0,retained
SRR13921545.1744,100,100,100,100,0,0,0,retained
SRR13921545.1745,100,100,100,100,0,0,0,retained
SRR13921545.1746,100,100,100,100,0,0,0,retained
SRR13921545.1747,100,100,100,100,0,0,0,retained
SRR13921545.1748,100,100,100,100,0,0,0,retained
SRR13921545.1749,100,100,100,100,0,0,0,retained
SRR13921545.1750,100,100,100,100,0,0,0,retained
SRR13921545.1751,100,100,100,100,0,0,0,retained
SRR13921545.1752,100,100,100,100,0,0,0,retained
SRR13921545.1753,100,100,100,100,0,0,0,retained
SRR13921545.1754,100,100,100,100,0,0,0,retained
SRR13921545.1755,100,100,100,100,0,0,0,retained
SRR13921545.1756,100,100,100,100,0,0,0,retained
SRR13921545.1757,100,100,100,100,0,0,0,retained
SRR13921545.1758,100,100,100,100,0,0,0,retained
SRR13921545.1759,100,100,100,100,0,0,0,retained
SRR13921545.1760,100,100,100,100,0,0,0,retained
SRR13921545.1761,100,100,100,100,0,0,0,retained
SRR13921545.1762,100,100,100,100,0,0,0,retained
SRR13921545.1763,100,100,100,100,0,0,0,retained
SRR13921545.1764,100,100,100,100,0,0,0,retained
SRR13921545.1765,100,100,100,100,0,0,0,retained
SRR13921545.1766,100,100,100,100,0,0,0,retained
SRR13921545.1767,100,100,100,100,0,0,0,retained
SRR13921545.1768,100,100,100,100,0,0,0,retained
SRR13921545.1769,100,100,100,100,0,0,0,retained
SRR13921545.1770,100,100,100,100,0,0,0,retained
SRR13921545.1771,100,100,100,100,0,0,0,retained
SRR13921545.1772,100,100,100,100,0,0,0,retained
SRR13921545.1773,100,100,100,100,0,0,0,retained
SRR13921545.1774,100,100,100,100,0,0,0,retained
SRR13921545.1775,100,100,100,100,0,0,0,retained
SRR13921545.1776,100,100,100,100,0,0,0,retained
SRR13921545.1777,100,100,100,100,0,0,0,retained
SRR13921545.1778,100,100,100,100,0,0,0,retained
SRR13921545.1779,100,100,100,100,0,0,0,retained
SRR13921545.1780,100,100,100,100,0,0,0,retained
SRR13921545.1781,100,100,100,100,0,0,0,retained
SRR13921545.1782,100,100,100,100,0,0,0,retained
SRR13921545.1783,100,100,100,100,0,0,0,retained
SRR13921545.1784,100,100,100,100,0,0,0,retained
SRR13921545.1785,100,100,100,100,0,0,0,retained
SRR13921545.1786,100,100,100,100,0,0,0,retained
SRR13921545.1787,100,100,100,100,0,0,0,retained
SRR13921545.1788,100,100,100,100,0,0,0,retained
SRR13921545.1789,100,100,100,100,0,0,0,retained
SRR13921545.1790,100,100,100,100,0,0,0,retained
SRR13921545.1791,100,100,100,100,0,0,0,retained
SRR13921545.1792,100,100,100,100,0,0,0,retained
SRR13921545.1793,100,100,100,100,0,0,0,retained
SRR13921545.1794,100,100,100,100,0,0,0,retained
SRR13921545.1795,100,100,100,100,0,0,0,retained
SRR13921545.1796,100,100,100,100,0,0,0,retained
SRR13921545.1797,100,100,100,100,0,0,0,retained
SRR13921545.1798,100,100,100,100,0,0,0,retained
SRR13921545.1799,100,100,100,100,0,0,0,retained
SRR13921545.1800,100,100,100,100,0,0,0,retained
SRR13921545.1801,100,100,100,100,0,0,0,retained
SRR13921545.1802,100,100,100,100,0,0,0,retained
SRR13921545.1803,100,100,100,100,0,0,0,retained
SRR13921545.1804,100,100,100,100,0,0,0,retained
SRR13921545.1805,100,100,100,100,0,0,0,retained
SRR13921545.1806,100,100,100,100,0,0,0,retained
SRR13921545.1807,100,100,100,100,0,0,0,retained
SRR13921545.1808,100,100,100,100,0,0,0,retained
SRR13921545.1809,100,100,100,100,0,0,0,retained
SRR13921545.1810,100,100,100,100,0,0,0,retained
SRR13921545.1811,100,100,100,100,0,0,0,retained
SRR13921545.1812,100,100,100,100,0,0,0,retained
SRR13921545.1813,100,100,100,100,0,0,0,retained
SRR13921545.1814,100,100,100,100,0,0,0,retained
SRR13921545.1815,100,100,100,100,0,0,0,retained
SRR13921545.1816,100,100,100,100,0,0,0,retained
SRR13921545.1817,100,100,100,100,0,0,0,retained
SRR13921545.1818,100,100,100,100,0,0,0,retained
SRR13921545.1819,100,100,100,100,0,0,0,retained
SRR13921545.1820,100,100,100,100,0,0,0,retained
SRR13921545.1821,100,100,100,100,0,0,0,retained
SRR13921545.1822,100,100,100,100,0,0,0,retained
SRR13921545.1823,100,100,100,100,0,0,0,retained
SRR13921545.1824,100,100,100,100,0,0,0,retained
SRR13921545.1825,100,100,100,100,0,0,0,retained
SRR13921545.1826,100,100,100,100,0,0,0,retained
SRR13921545.1827,100,100,100,100,0,0,0,retained
SRR13921545.1828,100,100,100,100,0,0,0,retained
SRR13921545.1829,100,100,100,100,0,0,0,retained
SRR13921545.1830,100,100,100,100,0,0,0,retained
SRR13921545.1831,100,100,100,100,0,0,0,retained
SRR13921545.1832,100,100,100,100,0,0,0,retained
SRR13921545.1833,100,100,100,100,0,0,0,retained
SRR13921545.1834,100,100,100,100,0,0,0,retained
SRR13921545.1835,100,100,100,100,0,0,0,retained
SRR13921545.1836,100,100,100,100,0,0,0,retained
SRR13921545.1837,100,100,100,100,0,0,0,retained
SRR13921545.1838,100,100,100,100,0,0,0,retained
SRR13921545.1839,100,100,100,100,0,0,0,retained
SRR13921545.1840,100,100,100,100,0,0,0,retained
SRR13921545.1841,100,100,100,100,0,0,0,retained
SRR13921545.1842,100,100,100,100,0,0,0,retained
SRR13921545.1843,100,100,100,100,0,0,0,retained
SRR13921545.1844,100,100,100,100,0,0,0,retained
SRR13921545.1845,100,100,100,100,0,0,0,retained
SRR13921545.1846,100,100,100,100,0,0,0,retained
SRR13921545.1847,100,100,100,100,0,0,0,retained
SRR13921545.1848,100,100,100,100,0,0,0,retained
SRR13921545.1849,100,100,100,100,0,0,0,retained
SRR13921545.1850,100,100,100,100,0,0,0,retained
SRR13921545.1851,100,99,99,99,1,0,1,retained
SRR13921545.1852,100,100,100,100,0,0,0,retained
SRR13921545.1853,100,100,100,100,0,0,0,retained
SRR13921545.1854,100,100,100,100,0,0,0,retained
SRR13921545.1855,100,100,100,100,0,0,0,retained
SRR13921545.1856,100,100,100,100,0,0,0,retained
SRR13921545.1857,100,100,100,100,0,0,0,retained
SRR13921545.1858,100,100,100,100,0,0,0,retained
SRR13921545.1859,100,100,100,100,0,0,0,retained
SRR13921545.1860,100,100,100,100,0,0,0,retained
SRR13921545.1861,100,100,100,100,0,0,0,retained
SRR13921545.1862,100,100,100,100,0,0,0,retained
SRR13921545.1863,100,100,100,100,0,0,0,retained
SRR13921545.1864,100,100,100,100,0,0,0,retained
SRR13921545.1865,100,100,100,100,0,0,0,retained
SRR13921545.1866,100,100,100,100,0,0,0,retained
SRR13921545.1867,100,100,100,100,0,0,0,retained
SRR13921545.1868,100,100,100,100,0,0,0,retained
SRR13921545.1869,100,100,100,100,0,0,0,retained
SRR13921545.1870,100,100,100,100,0,0,0,retained
SRR13921545.1871,100,100,100,100,0,0,0,retained
SRR13921545.1872,100,100,100,100,0,0,0,retained
SRR13921545.1873,100,100,100,100,0,0,0,retained
SRR13921545.1874,100,100,100,100,0,0,0,retained
SRR13921545.1875,100,100,100,100,0,0,0,retained
SRR13921545.1876,100,100,100,100,0,0,0,retained
SRR13921545.1877,100,100,100,100,0,0,0,retained
SRR13921545.1878,100,100,100,100,0,0,0,retained
SRR13921545.1879,100,100,100,100,0,0,0,retained
SRR13921545.1880,100,100,100,100,0,0,0,retained
SRR13921545.1881,100,100,100,100,0,0,0,retained
SRR13921545.1882,100,100,100,100,0,0,0,retained
SRR13921545.1883,100,100,100,100,0,0,0,retained
SRR13921545.1884,100,100,100,100,0,0,0,retained
SRR13921545.1885,100,100,100,100,0,0,0,retained
SRR13921545.1886,100,100,100,100,0,0,0,retained
SRR13921545.1887,100,100,100,100,0,0,0,retained
SRR13921545.1888,100,100,100,100,0,0,0,retained
SRR13921545.1889,100,100,100,100,0,0,0,retained
SRR13921545.1890,100,100,100,100,0,0,0,retained
SRR13921545.1891,100,100,100,100,0,0,0,retained
SRR13921545.1892,100,100,100,100,0,0,0,retained
SRR13921545.1893,100,100,100,100,0,0,0,retained
SRR13921545.1894,100,100,100,100,0,0,0,retained
SRR13921545.1895,100,100,100,100,0,0,0,retained
SRR13921545.1896,100,100,100,100,0,0,0,retained
SRR13921545.1897,100,100,100,100,0,0,0,retained
SRR13921545.1898,100,100,100,100,0,0,0,retained
SRR13921545.1899,100,100,100,100,0,0,0,retained
SRR13921545.1900,100,100,100,100,0,0,0,retained
SRR13921545.1901,100,100,100,100,0,0,0,retained
SRR13921545.1902,100,100,100,100,0,0,0,retained
SRR13921545.1903,100,100,100,100,0,0,0,retained
SRR13921545.1904,100,100,100,100,0,0,0,retained
SRR13921545.1905,100,100,100,100,0,0,0,retained
SRR13921545.1906,100,100,100,100,0,0,0,retained
SRR13921545.1907,100,100,100,100,0,0,0,retained
SRR13921545.1908,100,100,100,100,0,0,0,retained
SRR13921545.1909,100,100,100,100,0,0,0,retained
SRR13921545.1910,100,100,100,100,0,0,0,retained
SRR13921545.1911,100,100,100,100,0,0,0,retained
SRR13921545.1912,100,100,100,100,0,0,0,retained
SRR13921545.1913,100,100,100,100,0,0,0,retained
SRR13921545.1914,100,100,100,100,0,0,0,retained
SRR13921545.1915,100,100,100,100,0,0,0,retained
SRR13921545.1916,100,100,100,100,0,0,0,retained
SRR13921545.1917,100,99,99,99,1,0,1,retained
SRR13921545.1918,100,100,100,100,0,0,0,retained
SRR13921545.1919,100,100,100,100,0,0,0,retained
SRR13921545.1920,100,100,100,100,0,0,0,retained
SRR13921545.1921,100,100,100,100,0,0,0,retained
SRR13921545.1922,100,100,100,100,0,0,0,retained
SRR13921545.1923,100,100,100,100,0,0,0,retained
SRR13921545.1924,100,100,100,100,0,0,0,retained
SRR13921545.1925,100,100,100,100,0,0,0,retained
SRR13921545.1926,100,100,100,100,0,0,0,retained
SRR13921545.1927,100,100,100,100,0,0,0,retained
SRR13921545.1928,100,100,100,100,0,0,0,retained
SRR13921545.1929,100,100,100,100,0,0,0,retained
SRR13921545.1930,100,100,100,100,0,0,0,retained
SRR13921545.1931,100,100,100,100,0,0,0,retained
SRR13921545.1932,100,100,100,100,0,0,0,retained
SRR13921545.1933,100,100,100,100,0,0,0,retained
SRR13921545.1934,100,100,100,100,0,0,0,retained
SRR13921545.1935,100,100,100,100,0,0,0,retained
SRR13921545.1936,100,100,100,100,0,0,0,retained
SRR13921545.1937,100,100,100,100,0,0,0,retained
SRR13921545.1938,100,100,100,100,0,0,0,retained
SRR13921545.1939,100,100,100,100,0,0,0,retained
SRR13921545.1940,100,100,100,100,0,0,0,retained
SRR13921545.1941,100,100,100,100,0,0,0,retained
SRR13921545.1942,100,100,100,100,0,0,0,retained
SRR13921545.1943,100,100,100,100,0,0,0,retained
SRR13921545.1944,100,100,100,100,0,0,0,retained
SRR13921545.1945,100,100,100,100,0,0,0,retained
SRR13921545.1946,100,100,100,100,0,0,0,retained
SRR13921545.1947,100,100,100,100,0,0,0,retained
SRR13921545.1948,100,100,100,100,0,0,0,retained
SRR13921545.1949,100,100,100,100,0,0,0,retained
SRR13921545.1950,100,100,100,100,0,0,0,retained
SRR13921545.1951,100,100,100,100,0,0,0,retained
SRR13921545.1952,100,100,100,100,0,0,0,retained
SRR13921545.1953,100,100,100,100,0,0,0,retained
SRR13921545.1954,100,100,100,100,0,0,0,retained
SRR13921545.1955,100,100,100,100,0,0,0,retained
SRR13921545.1956,100,100,100,100,0,0,0,retained
SRR13921545.1957,100,100,100,100,0,0,0,retained
SRR13921545.1958,100,100,100,100,0,0,0,retained
SRR13921545.1959,100,100,100,100,0,0,0,retained
SRR13921545.1960,100,100,100,100,0,0,0,retained
SRR13921545.1961,100,100,100,100,0,0,0,retained
SRR13921545.1962,100,100,100,100,0,0,0,retained
SRR13921545.1963,100,100,100,100,0,0,0,retained
SRR13921545.1964,100,100,100,100,0,0,0,retained
SRR13921545.1965,100,100,100,100,0,0,0,retained
SRR13921545.1966,100,100,100,100,0,0,0,retained
SRR13921545.1967,100,100,100,100,0,0,0,retained
SRR13921545.1968,100,100,100,100,0,0,0,retained
SRR13921545.1969,100,100,100,100,0,0,0,retained
SRR13921545.1970,100,100,100,100,0,0,0,retained
SRR13921545.1971,100,99,99,99,1,0,1,retained
SRR13921545.1972,100,100,100,100,0,0,0,retained
SRR13921545.1973,100,100,100,100,0,0,0,retained
SRR13921545.1974,100,100,100,100,0,0,0,retained
SRR13921545.1975,100,100,100,100,0,0,0,retained
SRR13921545.1976,100,100,100,100,0,0,0,retained
SRR13921545.1977,100,100,100,100,0,0,0,retained
SRR13921545.1978,100,100,100,100,0,0,0,retained
SRR13921545.1979,100,100,100,100,0,0,0,retained
SRR13921545.1980,100,100,100,100,0,0,0,retained
SRR13921545.1981,100,100,100,100,0,0,0,retained
SRR13921545.1982,100,100,100,100,0,0,0,retained
SRR13921545.1983,100,100,100,100,0,0,0,retained
SRR13921545.1984,100,100,100,100,0,0,0,retained
SRR13921545.1985,100,100,100,100,0,0,0,retained
SRR13921545.1986,100,100,100,100,0,0,0,retained
SRR13921545.1987,100,100,100,100,0,0,0,retained
SRR13921545.1988,100,100,100,100,0,0,0,retained
SRR13921545.1989,100,100,100,100,0,0,0,retained
SRR13921545.1990,100,100,100,100,0,0,0,retained
SRR13921545.1991,100,100,100,100,0,0,0,retained
SRR13921545.1992,100,100,100,100,0,0,0,retained
SRR13921545.1993,100,100,100,100,0,0,0,retained
SRR13921545.1994,100,100,100,100,0,0,0,retained
SRR13921545.1995,100,100,100,100,0,0,0,retained
SRR13921545.1996,100,100,100,100,0,0,0,retained
SRR13921545.1997,100,100,100,100,0,0,0,retained
SRR13921545.1998,100,100,100,100,0,0,0,retained
SRR13921545.1999,100,100,100,100,0,0,0,retained
SRR13921545.2000,100,100,100,100,0,0,0,retained
SRR13921545.2001,100,100,100,100,0,0,0,retained
SRR13921545.2002,100,100,100,100,0,0,0,retained
SRR13921545.2003,100,100,100,100,0,0,0,retained
SRR13921545.2004,100,99,99,99,1,0,1,retained
SRR13921545.2005,100,100,100,100,0,0,0,retained
SRR13921545.2006,100,100,100,100,0,0,0,retained
SRR13921545.2007,100,100,100,100,0,0,0,retained
SRR13921545.2008,100,100,100,100,0,0,0,retained
SRR13921545.2009,100,100,100,100,0,0,0,retained
SRR13921545.2010,100,100,100,100,0,0,0,retained
SRR13921545.2011,100,100,100,100,0,0,0,retained
SRR13921545.2012,100,100,100,100,0,0,0,retained
SRR13921545.2013,100,100,100,100,0,0,0,retained
SRR13921545.2014,100,100,100,100,0,0,0,retained
SRR13921545.2015,100,100,100,100,0,0,0,retained
SRR13921545.2016,100,100,100,100,0,0,0,retained
SRR13921545.2017,100,100,100,100,0,0,0,retained
SRR13921545.2018,100,100,100,100,0,0,0,retained
SRR13921545.2019,100,100,100,100,0,0,0,retained
SRR13921545.2020,100,100,100,100,0,0,0,retained
SRR13921545.2021,100,100,100,100,0,0,0,retained
SRR13921545.2022,100,100,100,100,0,0,0,retained
SRR13921545.2023,100,100,100,100,0,0,0,retained
SRR13921545.2024,100,100,100,100,0,0,0,retained
SRR13921545.2025,100,100,100,100,0,0,0,retained
SRR13921545.2026,100,100,100,100,0,0,0,retained
SRR13921545.2027,100,100,100,100,0,0,0,retained
SRR13921545.2028,100,100,100,100,0,0,0,retained
SRR13921545.2029,100,100,100,100,0,0,0,retained
SRR13921545.2030,100,100,100,100,0,0,0,retained
SRR13921545.2031,100,100,100,100,0,0,0,retained
SRR13921545.2032,100,100,100,100,0,0,0,retained
SRR13921545.2033,100,100,100,100,0,0,0,retained
SRR13921545.2034,100,100,100,100,0,0,0,retained
SRR13921545.2035,100,100,100,100,0,0,0,retained
SRR13921545.2036,100,100,100,100,0,0,0,retained
SRR13921545.2037,100,100,100,100,0,0,0,retained
SRR13921545.2038,100,100,100,100,0,0,0,retained
SRR13921545.2039,100,100,100,100,0,0,0,retained
SRR13921545.2040,100,100,100,100,0,0,0,retained
SRR13921545.2041,100,100,100,100,0,0,0,retained
SRR13921545.2042,100,100,100,100,0,0,0,retained
SRR13921545.2043,100,100,100,100,0,0,0,retained
SRR13921545.2044,100,100,100,100,0,0,0,retained
SRR13921545.2045,100,100,100,100,0,0,0,retained
SRR13921545.2046,100,100,100,100,0,0,0,retained
SRR13921545.2047,100,100,100,100,0,0,0,retained
SRR13921545.2048,100,100,100,100,0,0,0,retained
SRR13921545.2049,100,100,100,100,0,0,0,retained
SRR13921545.2050,100,100,100,100,0,0,0,retained
SRR13921545.2051,100,100,100,100,0,0,0,retained
SRR13921545.2052,100,100,100,100,0,0,0,retained
SRR13921545.2053,100,100,100,100,0,0,0,retained
SRR13921545.2054,100,100,100,100,0,0,0,retained
SRR13921545.2055,100,100,100,100,0,0,0,retained
SRR13921545.2056,100,100,100,100,0,0,0,retained
SRR13921545.2057,100,100,100,100,0,0,0,retained
SRR13921545.2058,100,100,100,100,0,0,0,retained
SRR13921545.2059,100,100,100,100,0,0,0,retained
SRR13921545.2060,100,100,50,50,0,50,50,discarded_too_short
SRR13921545.2061,100,100,100,100,0,0,0,retained
SRR13921545.2062,100,100,100,100,0,0,0,retained
SRR13921545.2063,100,100,100,100,0,0,0,retained
SRR13921545.2064,100,100,100,100,0,0,0,retained
SRR13921545.2065,100,100,100,100,0,0,0,retained
SRR13921545.2066,100,100,100,100,0,0,0,retained
SRR13921545.2067,100,100,100,100,0,0,0,retained
SRR13921545.2068,100,100,100,100,0,0,0,retained
SRR13921545.2069,100,100,100,100,0,0,0,retained
SRR13921545.2070,100,100,100,100,0,0,0,retained
SRR13921545.2071,100,100,100,100,0,0,0,retained
SRR13921545.2072,100,100,100,100,0,0,0,retained
SRR13921545.2073,100,100,100,100,0,0,0,retained
SRR13921545.2074,100,100,100,100,0,0,0,retained
SRR13921545.2075,100,100,100,100,0,0,0,retained
SRR13921545.2076,100,100,100,100,0,0,0,retained
SRR13921545.2077,100,99,99,99,1,0,1,retained
SRR13921545.2078,100,100,100,100,0,0,0,retained
SRR13921545.2079,100,100,100,100,0,0,0,retained
SRR13921545.2080,100,100,100,100,0,0,0,retained
SRR13921545.2081,100,100,100,100,0,0,0,retained
SRR13921545.2082,100,100,100,100,0,0,0,retained
SRR13921545.2083,100,100,100,100,0,0,0,retained
SRR13921545.2084,100,100,100,100,0,0,0,retained
SRR13921545.2085,100,100,100,100,0,0,0,retained
SRR13921545.2086,100,100,100,100,0,0,0,retained
SRR13921545.2087,100,100,100,100,0,0,0,retained
SRR13921545.2088,100,100,100,100,0,0,0,retained
SRR13921545.2089,100,100,100,100,0,0,0,retained
SRR13921545.2090,100,100,100,100,0,0,0,retained
SRR13921545.2091,100,100,100,100,0,0,0,retained
SRR13921545.2092,100,100,100,100,0,0,0,retained
SRR13921545.2093,100,100,100,100,0,0,0,retained
SRR13921545.2094,100,100,100,100,0,0,0,retained
SRR13921545.2095,100,100,100,100,0,0,0,retained
SRR13921545.2096,100,100,100,100,0,0,0,retained
SRR13921545.2097,100,100,100,100,0,0,0,retained
SRR13921545.2098,100,100,100,100,0,0,0,retained
SRR13921545.2099,100,100,100,100,0,0,0,retained
SRR13921545.2100,100,100,100,100,0,0,0,retained
SRR13921545.2101,100,100,100,100,0,0,0,retained
SRR13921545.2102,100,100,100,100,0,0,0,retained
SRR13921545.2103,100,100,100,100,0,0,0,retained
SRR13921545.2104,100,100,100,100,0,0,0,retained
SRR13921545.2105,100,100,100,100,0,0,0,retained
SRR13921545.2106,100,100,100,100,0,0,0,retained
SRR13921545.2107,100,100,100,100,0,0,0,retained
SRR13921545.2108,100,100,100,100,0,0,0,retained
SRR13921545.2109,100,100,100,100,0,0,0,retained
SRR13921545.2110,100,100,100,100,0,0,0,retained
SRR13921545.2111,100,100,100,100,0,0,0,retained
SRR13921545.2112,100,100,100,100,0,0,0,retained
SRR13921545.2113,100,100,100,100,0,0,0,retained
SRR13921545.2114,100,100,100,100,0,0,0,retained
SRR13921545.2115,100,100,100,100,0,0,0,retained
SRR13921545.2116,100,100,100,100,0,0,0,retained
SRR13921545.2117,100,100,100,100,0,0,0,retained
SRR13921545.2118,100,100,100,100,0,0,0,retained
SRR13921545.2119,100,100,100,100,0,0,0,retained
SRR13921545.2120,100,100,100,100,0,0,0,retained
SRR13921545.2121,100,100,100,100,0,0,0,retained
SRR13921545.2122,100,100,100,100,0,0,0,retained
SRR13921545.2123,100,100,100,100,0,0,0,retained
SRR13921545.2124,100,100,100,100,0,0,0,retained
SRR13921545.2125,100,100,100,100,0,0,0,retained
SRR13921545.2126,100,100,100,100,0,0,0,retained
SRR13921545.2127,100,100,100,100,0,0,0,retained
SRR13921545.2128,100,100,100,100,0,0,0,retained
SRR13921545.2129,100,100,100,100,0,0,0,retained
SRR13921545.2130,100,100,100,100,0,0,0,retained
SRR13921545.2131,100,100,100,100,0,0,0,retained
SRR13921545.2132,100,100,100,100,0,0,0,retained
SRR13921545.2133,100,100,100,100,0,0,0,retained
SRR13921545.2134,100,100,100,100,0,0,0,retained
SRR13921545.2135,100,100,100,100,0,0,0,retained
SRR13921545.2136,100,100,100,100,0,0,0,retained
SRR13921545.2137,100,100,100,100,0,0,0,retained
SRR13921545.2138,100,100,100,100,0,0,0,retained
SRR13921545.2139,100,100,100,100,0,0,0,retained
SRR13921545.2140,100,100,100,100,0,0,0,retained
SRR13921545.2141,100,100,100,100,0,0,0,retained
SRR13921545.2142,100,100,100,100,0,0,0,retained
SRR13921545.2143,100,100,100,100,0,0,0,retained
SRR13921545.2144,100,100,100,100,0,0,0,retained
SRR13921545.2145,100,100,100,100,0,0,0,retained
SRR13921545.2146,100,100,100,100,0,0,0,retained
SRR13921545.2147,100,100,100,100,0,0,0,retained
SRR13921545.2148,100,100,100,100,0,0,0,retained
SRR13921545.2149,100,100,100,100,0,0,0,retained
SRR13921545.2150,100,100,100,100,0,0,0,retained
SRR13921545.2151,100,100,100,100,0,0,0,retained
SRR13921545.2152,100,100,100,100,0,0,0,retained
SRR13921545.2153,100,100,100,100,0,0,0,retained
SRR13921545.2154,100,100,100,100,0,0,0,retained
SRR13921545.2155,100,100,100,100,0,0,0,retained
SRR13921545.2156,100,100,100,100,0,0,0,retained
SRR13921545.2157,100,100,100,100,0,0,0,retained
SRR13921545.2158,100,100,100,100,0,0,0,retained
SRR13921545.2159,100,100,100,100,0,0,0,retained
SRR13921545.2160,100,100,100,100,0,0,0,retained
SRR13921545.2161,100,100,100,100,0,0,0,retained
SRR13921545.2162,100,100,100,100,0,0,0,retained
SRR13921545.2163,100,100,100,100,0,0,0,retained
SRR13921545.2164,100,100,100,100,0,0,0,retained
SRR13921545.2165,100,100,100,100,0,0,0,retained
SRR13921545.2166,100,100,100,100,0,0,0,retained
SRR13921545.2167,100,100,100,100,0,0,0,retained
SRR13921545.2168,100,100,100,100,0,0,0,retained
SRR13921545.2169,100,100,100,100,0,0,0,retained
SRR13921545.2170,100,100,100,100,0,0,0,retained
SRR13921545.2171,100,100,100,100,0,0,0,retained
SRR13921545.2172,100,100,100,100,0,0,0,retained
SRR13921545.2173,100,100,100,100,0,0,0,retained
SRR13921545.2174,100,100,100,100,0,0,0,retained
SRR13921545.2175,100,100,100,100,0,0,0,retained
SRR13921545.2176,100,100,100,100,0,0,0,retained
SRR13921545.2177,100,100,100,100,0,0,0,retained
SRR13921545.2178,100,100,100,100,0,0,0,retained
SRR13921545.2179,100,100,100,100,0,0,0,retained
SRR13921545.2180,100,100,100,100,0,0,0,retained
SRR13921545.2181,100,100,100,100,0,0,0,retained
SRR13921545.2182,100,100,100,100,0,0,0,retained
SRR13921545.2183,100,100,59,59,0,41,41,discarded_too_short
SRR13921545.2184,100,100,100,100,0,0,0,retained
SRR13921545.2185,100,100,100,100,0,0,0,retained
SRR13921545.2186,100,100,100,100,0,0,0,retained
SRR13921545.2187,100,100,100,100,0,0,0,retained
SRR13921545.2188,100,100,100,100,0,0,0,retained
SRR13921545.2189,100,100,100,100,0,0,0,retained
SRR13921545.2190,100,100,100,100,0,0,0,retained
SRR13921545.2191,100,100,100,100,0,0,0,retained
SRR13921545.2192,100,100,100,100,0,0,0,retained
SRR13921545.2193,100,100,100,100,0,0,0,retained
SRR13921545.2194,100,100,100,100,0,0,0,retained
SRR13921545.2195,100,100,100,100,0,0,0,retained
SRR13921545.2196,100,100,100,100,0,0,0,retained
SRR13921545.2197,100,100,100,100,0,0,0,retained
SRR13921545.2198,100,100,100,100,0,0,0,retained
SRR13921545.2199,100,100,100,100,0,0,0,retained
SRR13921545.2200,100,100,100,100,0,0,0,retained
SRR13921545.2201,100,100,100,100,0,0,0,retained
SRR13921545.2202,100,100,100,100,0,0,0,retained
SRR13921545.2203,100,100,100,100,0,0,0,retained
SRR13921545.2204,100,100,100,100,0,0,0,retained
SRR13921545.2205,100,100,100,100,0,0,0,retained
SRR13921545.2206,100,100,100,100,0,0,0,retained
SRR13921545.2207,100,100,100,100,0,0,0,retained
SRR13921545.2208,100,100,100,100,0,0,0,retained
SRR13921545.2209,100,100,100,100,0,0,0,retained
SRR13921545.2210,100,100,100,100,0,0,0,retained
SRR13921545.2211,100,100,100,100,0,0,0,retained
SRR13921545.2212,100,100,59,59,0,41,41,discarded_too_short
SRR13921545.2213,100,100,100,100,0,0,0,retained
SRR13921545.2214,100,100,100,100,0,0,0,retained
SRR13921545.2215,100,100,100,100,0,0,0,retained
SRR13921545.2216,100,100,100,100,0,0,0,retained
SRR13921545.2217,100,100,100,100,0,0,0,retained
SRR13921545.2218,100,100,100,100,0,0,0,retained
SRR13921545.2219,100,100,100,100,0,0,0,retained
SRR13921545.2220,100,100,100,100,0,0,0,retained
SRR13921545.2221,100,100,100,100,0,0,0,retained
SRR13921545.2222,100,100,100,100,0,0,0,retained
SRR13921545.2223,100,100,100,100,0,0,0,retained
SRR13921545.2224,100,100,100,100,0,0,0,retained
SRR13921545.2225,100,100,100,100,0,0,0,retained
SRR13921545.2226,100,100,100,100,0,0,0,retained
SRR13921545.2227,100,100,100,100,0,0,0,retained
SRR13921545.2228,100,100,100,100,0,0,0,retained
SRR13921545.2229,100,100,100,100,0,0,0,retained
SRR13921545.2230,100,100,100,100,0,0,0,retained
SRR13921545.2231,100,100,100,100,0,0,0,retained
SRR13921545.2232,100,100,100,100,0,0,0,retained
SRR13921545.2233,100,100,100,100,0,0,0,retained
SRR13921545.2234,100,100,100,100,0,0,0,retained
SRR13921545.2235,100,100,100,100,0,0,0,retained
SRR13921545.2236,100,100,100,100,0,0,0,retained
SRR13921545.2237,100,100,100,100,0,0,0,retained
SRR13921545.2238,100,100,100,100,0,0,0,retained
SRR13921545.2239,100,100,100,100,0,0,0,retained
SRR13921545.2240,100,100,84,84,0,16,16,retained
SRR13921545.2241,100,100,100,100,0,0,0,retained
SRR13921545.2242,100,100,100,100,0,0,0,retained
SRR13921545.2243,100,100,100,100,0,0,0,retained
SRR13921545.2244,100,100,100,100,0,0,0,retained
SRR13921545.2245,100,100,100,100,0,0,0,retained
SRR13921545.2246,100,100,100,100,0,0,0,retained
SRR13921545.2247,100,100,100,100,0,0,0,retained
SRR13921545.2248,100,100,100,100,0,0,0,retained
SRR13921545.2249,100,100,100,100,0,0,0,retained
SRR13921545.2250,100,100,100,100,0,0,0,retained
SRR13921545.2251,100,100,87,87,0,13,13,retained
SRR13921545.2252,100,100,100,100,0,0,0,retained
SRR13921545.2253,100,100,100,100,0,0,0,retained
SRR13921545.2254,100,100,100,100,0,0,0,retained
SRR13921545.2255,100,100,100,100,0,0,0,retained
SRR13921545.2256,100,100,100,100,0,0,0,retained
SRR13921545.2257,100,100,100,100,0,0,0,retained
SRR13921545.2258,100,100,100,100,0,0,0,retained
SRR13921545.2259,100,100,100,100,0,0,0,retained
SRR13921545.2260,100,100,100,100,0,0,0,retained
SRR13921545.2261,100,100,81,81,0,19,19,retained
SRR13921545.2262,100,100,100,100,0,0,0,retained
SRR13921545.2263,100,100,100,100,0,0,0,retained
SRR13921545.2264,100,100,100,100,0,0,0,retained
SRR13921545.2265,100,100,100,100,0,0,0,retained
SRR13921545.2266,100,99,99,99,1,0,1,retained
SRR13921545.2267,100,100,100,100,0,0,0,retained
SRR13921545.2268,100,100,100,100,0,0,0,retained
SRR13921545.2269,100,100,100,100,0,0,0,retained
SRR13921545.2270,100,100,100,100,0,0,0,retained
SRR13921545.2271,100,100,100,100,0,0,0,retained
SRR13921545.2272,100,100,100,100,0,0,0,retained
SRR13921545.2273,100,100,100,100,0,0,0,retained
SRR13921545.2274,100,100,100,100,0,0,0,retained
SRR13921545.2275,100,100,100,100,0,0,0,retained
SRR13921545.2276,100,100,100,100,0,0,0,retained
SRR13921545.2277,100,100,100,100,0,0,0,retained
SRR13921545.2278,100,100,100,100,0,0,0,retained
SRR13921545.2279,100,100,100,100,0,0,0,retained
SRR13921545.2280,100,100,100,100,0,0,0,retained
SRR13921545.2281,100,100,100,100,0,0,0,retained
SRR13921545.2282,100,100,100,100,0,0,0,retained
SRR13921545.2283,100,100,100,100,0,0,0,retained
SRR13921545.2284,100,100,100,100,0,0,0,retained
SRR13921545.2285,100,100,100,100,0,0,0,retained
SRR13921545.2286,100,100,100,100,0,0,0,retained
SRR13921545.2287,100,100,100,100,0,0,0,retained
SRR13921545.2288,100,100,100,100,0,0,0,retained
SRR13921545.2289,100,100,100,100,0,0,0,retained
SRR13921545.2290,100,100,100,100,0,0,0,retained
SRR13921545.2291,100,100,100,100,0,0,0,retained
SRR13921545.2292,100,100,100,100,0,0,0,retained
SRR13921545.2293,100,100,100,100,0,0,0,retained
SRR13921545.2294,100,100,100,100,0,0,0,retained
SRR13921545.2295,100,100,100,100,0,0,0,retained
SRR13921545.2296,100,100,100,100,0,0,0,retained
SRR13921545.2297,100,100,100,100,0,0,0,retained
SRR13921545.2298,100,100,100,100,0,0,0,retained
SRR13921545.2299,100,100,100,100,0,0,0,retained
SRR13921545.2300,100,100,100,100,0,0,0,retained
SRR13921545.2301,100,100,100,100,0,0,0,retained
SRR13921545.2302,100,100,100,100,0,0,0,retained
SRR13921545.2303,100,100,100,100,0,0,0,retained
SRR13921545.2304,100,100,100,100,0,0,0,retained
SRR13921545.2305,100,99,99,99,1,0,1,retained
SRR13921545.2306,100,100,100,100,0,0,0,retained
SRR13921545.2307,100,100,100,100,0,0,0,retained
SRR13921545.2308,100,100,100,100,0,0,0,retained
SRR13921545.2309,100,99,99,99,1,0,1,retained
SRR13921545.2310,100,100,100,100,0,0,0,retained
SRR13921545.2311,100,100,100,100,0,0,0,retained
SRR13921545.2312,100,100,100,100,0,0,0,retained
SRR13921545.2313,100,100,100,100,0,0,0,retained
SRR13921545.2314,100,100,100,100,0,0,0,retained
SRR13921545.2315,100,100,100,100,0,0,0,retained
SRR13921545.2316,100,100,100,100,0,0,0,retained
SRR13921545.2317,100,100,100,100,0,0,0,retained
SRR13921545.2318,100,100,100,100,0,0,0,retained
SRR13921545.2319,100,100,100,100,0,0,0,retained
SRR13921545.2320,100,100,100,100,0,0,0,retained
SRR13921545.2321,100,100,100,100,0,0,0,retained
SRR13921545.2322,100,100,100,100,0,0,0,retained
SRR13921545.2323,100,100,100,100,0,0,0,retained
SRR13921545.2324,100,100,100,100,0,0,0,retained
SRR13921545.2325,100,100,100,100,0,0,0,retained
SRR13921545.2326,100,100,100,100,0,0,0,retained
SRR13921545.2327,100,100,100,100,0,0,0,retained
SRR13921545.2328,100,100,100,100,0,0,0,retained
SRR13921545.2329,100,100,100,100,0,0,0,retained
SRR13921545.2330,100,100,100,100,0,0,0,retained
SRR13921545.2331,100,100,100,100,0,0,0,retained
SRR13921545.2332,100,100,100,100,0,0,0,retained
SRR13921545.2333,100,100,100,100,0,0,0,retained
SRR13921545.2334,100,100,100,100,0,0,0,retained
SRR13921545.2335,100,100,100,100,0,0,0,retained
SRR13921545.2336,100,100,100,100,0,0,0,retained
SRR13921545.2337,100,100,100,100,0,0,0,retained
SRR13921545.2338,100,100,100,100,0,0,0,retained
SRR13921545.2339,100,100,100,100,0,0,0,retained
SRR13921545.2340,100,100,100,100,0,0,0,retained
SRR13921545.2341,100,100,100,100,0,0,0,retained
SRR13921545.2342,100,100,100,100,0,0,0,retained
SRR13921545.2343,100,100,100,100,0,0,0,retained
SRR13921545.2344,100,100,100,100,0,0,0,retained
SRR13921545.2345,100,100,100,100,0,0,0,retained
SRR13921545.2346,100,100,100,100,0,0,0,retained
SRR13921545.2347,100,100,100,100,0,0,0,retained
SRR13921545.2348,100,100,100,100,0,0,0,retained
SRR13921545.2349,100,100,100,100,0,0,0,retained
SRR13921545.2350,100,100,100,100,0,0,0,retained
SRR13921545.2351,100,100,100,100,0,0,0,retained
SRR13921545.2352,100,100,100,100,0,0,0,retained
SRR13921545.2353,100,100,100,100,0,0,0,retained
SRR13921545.2354,100,100,100,100,0,0,0,retained
SRR13921545.2355,100,100,100,100,0,0,0,retained
SRR13921545.2356,100,100,100,100,0,0,0,retained
SRR13921545.2357,100,100,100,100,0,0,0,retained
SRR13921545.2358,100,100,100,100,0,0,0,retained
SRR13921545.2359,100,100,100,100,0,0,0,retained
SRR13921545.2360,100,100,100,100,0,0,0,retained
SRR13921545.2361,100,100,100,100,0,0,0,retained
SRR13921545.2362,100,100,100,100,0,0,0,retained
SRR13921545.2363,100,100,100,100,0,0,0,retained
SRR13921545.2364,100,100,100,100,0,0,0,retained
SRR13921545.2365,100,100,100,100,0,0,0,retained
SRR13921545.2366,100,100,100,100,0,0,0,retained
SRR13921545.2367,100,100,100,100,0,0,0,retained
SRR13921545.2368,100,100,100,100,0,0,0,retained
SRR13921545.2369,100,100,100,100,0,0,0,retained
SRR13921545.2370,100,100,100,100,0,0,0,retained
SRR13921545.2371,100,100,100,100,0,0,0,retained
SRR13921545.2372,100,100,100,100,0,0,0,retained
SRR13921545.2373,100,100,100,100,0,0,0,retained
SRR13921545.2374,100,100,100,100,0,0,0,retained
SRR13921545.2375,100,100,100,100,0,0,0,retained
SRR13921545.2376,100,100,100,100,0,0,0,retained
SRR13921545.2377,100,100,100,100,0,0,0,retained
SRR13921545.2378,100,100,100,100,0,0,0,retained
SRR13921545.2379,100,100,100,100,0,0,0,retained
SRR13921545.2380,100,100,100,100,0,0,0,retained
SRR13921545.2381,100,100,100,100,0,0,0,retained
SRR13921545.2382,100,100,100,100,0,0,0,retained
SRR13921545.2383,100,100,100,100,0,0,0,retained
SRR13921545.2384,100,100,100,100,0,0,0,retained
SRR13921545.2385,100,100,100,100,0,0,0,retained
SRR13921545.2386,100,100,100,100,0,0,0,retained
SRR13921545.2387,100,100,100,100,0,0,0,retained
SRR13921545.2388,100,100,100,100,0,0,0,retained
SRR13921545.2389,100,100,100,100,0,0,0,retained
SRR13921545.2390,100,100,100,100,0,0,0,retained
SRR13921545.2391,100,100,100,100,0,0,0,retained
SRR13921545.2392,100,100,100,100,0,0,0,retained
SRR13921545.2393,100,100,100,100,0,0,0,retained
SRR13921545.2394,100,100,100,100,0,0,0,retained
SRR13921545.2395,100,100,100,100,0,0,0,retained
SRR13921545.2396,100,100,100,100,0,0,0,retained
SRR13921545.2397,100,100,100,100,0,0,0,retained
SRR13921545.2398,100,100,100,100,0,0,0,retained
SRR13921545.2399,100,100,100,100,0,0,0,retained
SRR13921545.2400,100,100,100,100,0,0,0,retained
SRR13921545.2401,100,100,100,100,0,0,0,retained
SRR13921545.2402,100,100,100,100,0,0,0,retained
SRR13921545.2403,100,100,100,100,0,0,0,retained
SRR13921545.2404,100,100,100,100,0,0,0,retained
SRR13921545.2405,100,100,100,100,0,0,0,retained
SRR13921545.2406,100,100,100,100,0,0,0,retained
SRR13921545.2407,100,100,100,100,0,0,0,retained
SRR13921545.2408,100,100,100,100,0,0,0,retained
SRR13921545.2409,100,100,100,100,0,0,0,retained
SRR13921545.2410,100,100,100,100,0,0,0,retained
SRR13921545.2411,100,100,100,100,0,0,0,retained
SRR13921545.2412,100,100,100,100,0,0,0,retained
SRR13921545.2413,100,100,100,100,0,0,0,retained
SRR13921545.2414,100,100,100,100,0,0,0,retained
SRR13921545.2415,100,100,100,100,0,0,0,retained
SRR13921545.2416,100,100,100,100,0,0,0,retained
SRR13921545.2417,100,100,100,100,0,0,0,retained
SRR13921545.2418,100,100,100,100,0,0,0,retained
SRR13921545.2419,100,99,99,99,1,0,1,retained
SRR13921545.2420,100,100,100,100,0,0,0,retained
SRR13921545.2421,100,100,100,100,0,0,0,retained
SRR13921545.2422,100,100,100,100,0,0,0,retained
SRR13921545.2423,100,100,100,100,0,0,0,retained
SRR13921545.2424,100,100,100,100,0,0,0,retained
SRR13921545.2425,100,100,100,100,0,0,0,retained
SRR13921545.2426,100,100,100,100,0,0,0,retained
SRR13921545.2427,100,100,100,100,0,0,0,retained
SRR13921545.2428,100,100,100,100,0,0,0,retained
SRR13921545.2429,100,100,100,100,0,0,0,retained
SRR13921545.2430,100,100,100,100,0,0,0,retained
SRR13921545.2431,100,100,100,100,0,0,0,retained
SRR13921545.2432,100,100,100,100,0,0,0,retained
SRR13921545.2433,100,100,100,100,0,0,0,retained
SRR13921545.2434,100,100,100,100,0,0,0,retained
SRR13921545.2435,100,100,100,100,0,0,0,retained
SRR13921545.2436,100,100,100,100,0,0,0,retained
SRR13921545.2437,100,100,100,100,0,0,0,retained
SRR13921545.2438,100,100,100,100,0,0,0,retained
SRR13921545.2439,100,100,100,100,0,0,0,retained
SRR13921545.2440,100,100,100,100,0,0,0,retained
SRR13921545.2441,100,100,100,100,0,0,0,retained
SRR13921545.2442,100,100,100,100,0,0,0,retained
SRR13921545.2443,100,100,100,100,0,0,0,retained
SRR13921545.2444,100,100,100,100,0,0,0,retained
SRR13921545.2445,100,100,100,100,0,0,0,retained
SRR13921545.2446,100,100,100,100,0,0,0,retained
SRR13921545.2447,100,100,100,100,0,0,0,retained
SRR13921545.2448,100,100,100,100,0,0,0,retained
SRR13921545.2449,100,100,100,100,0,0,0,retained
SRR13921545.2450,100,100,100,100,0,0,0,retained
SRR13921545.2451,100,100,100,100,0,0,0,retained
SRR13921545.2452,100,100,100,100,0,0,0,retained
SRR13921545.2453,100,100,100,100,0,0,0,retained
SRR13921545.2454,100,100,100,100,0,0,0,retained
SRR13921545.2455,100,100,100,100,0,0,0,retained
SRR13921545.2456,100,100,100,100,0,0,0,retained
SRR13921545.2457,100,100,100,100,0,0,0,retained
SRR13921545.2458,100,100,100,100,0,0,0,retained
SRR13921545.2459,100,100,100,100,0,0,0,retained
SRR13921545.2460,100,100,100,100,0,0,0,retained
SRR13921545.2461,100,100,100,100,0,0,0,retained
SRR13921545.2462,100,100,100,100,0,0,0,retained
SRR13921545.2463,100,100,100,100,0,0,0,retained
SRR13921545.2464,100,100,100,100,0,0,0,retained
SRR13921545.2465,100,100,100,100,0,0,0,retained
SRR13921545.2466,100,100,100,100,0,0,0,retained
SRR13921545.2467,100,100,100,100,0,0,0,retained
SRR13921545.2468,100,100,100,100,0,0,0,retained
SRR13921545.2469,100,100,100,100,0,0,0,retained
SRR13921545.2470,100,100,100,100,0,0,0,retained
SRR13921545.2471,100,100,100,100,0,0,0,retained
SRR13921545.2472,100,100,100,100,0,0,0,retained
SRR13921545.2473,100,100,100,100,0,0,0,retained
SRR13921545.2474,100,100,100,100,0,0,0,retained
SRR13921545.2475,100,100,100,100,0,0,0,retained
SRR13921545.2476,100,100,100,100,0,0,0,retained
SRR13921545.2477,100,100,100,100,0,0,0,retained
SRR13921545.2478,100,100,100,100,0,0,0,retained
SRR13921545.2479,100,100,100,100,0,0,0,retained
SRR13921545.2480,100,100,100,100,0,0,0,retained
SRR13921545.2481,100,100,100,100,0,0,0,retained
SRR13921545.2482,100,100,100,100,0,0,0,retained
SRR13921545.2483,100,100,100,100,0,0,0,retained
SRR13921545.2484,100,100,100,100,0,0,0,retained
SRR13921545.2485,100,100,100,100,0,0,0,retained
SRR13921545.2486,100,100,100,100,0,0,0,retained
SRR13921545.2487,100,100,100,100,0,0,0,retained
SRR13921545.2488,100,100,100,100,0,0,0,retained
SRR13921545.2489,100,100,100,100,0,0,0,retained
SRR13921545.2490,100,100,100,100,0,0,0,retained
SRR13921545.2491,100,100,100,100,0,0,0,retained
SRR13921545.2492,100,100,100,100,0,0,0,retained
SRR13921545.2493,100,100,100,100,0,0,0,retained
SRR13921545.2494,100,100,100,100,0,0,0,retained
SRR13921545.2495,100,100,100,100,0,0,0,retained
SRR13921545.2496,100,100,100,100,0,0,0,retained
SRR13921545.2497,100,100,100,100,0,0,0,retained
SRR13921545.2498,100,100,100,100,0,0,0,retained
SRR13921545.2499,100,100,100,100,0,0,0,retained
SRR13921545.2500,100,100,100,100,0,0,0,retained
SRR13921545.2501,100,100,100,100,0,0,0,retained
SRR13921545.2502,100,100,100,100,0,0,0,retained
SRR13921545.2503,100,100,100,100,0,0,0,retained
SRR13921545.2504,100,100,100,100,0,0,0,retained
SRR13921545.2505,100,100,100,100,0,0,0,retained
SRR13921545.2506,100,100,100,100,0,0,0,retained
SRR13921545.2507,100,100,100,100,0,0,0,retained
SRR13921545.2508,100,100,100,100,0,0,0,retained
SRR13921545.2509,100,100,100,100,0,0,0,retained
SRR13921545.2510,100,100,100,100,0,0,0,retained
SRR13921545.2511,100,100,100,100,0,0,0,retained
SRR13921545.2512,100,100,100,100,0,0,0,retained
SRR13921545.2513,100,100,100,100,0,0,0,retained
SRR13921545.2514,100,100,100,100,0,0,0,retained
SRR13921545.2515,100,100,100,100,0,0,0,retained
SRR13921545.2516,100,100,100,100,0,0,0,retained
SRR13921545.2517,100,100,100,100,0,0,0,retained
SRR13921545.2518,100,100,100,100,0,0,0,retained
SRR13921545.2519,100,100,100,100,0,0,0,retained
SRR13921545.2520,100,100,100,100,0,0,0,retained
SRR13921545.2521,100,100,100,100,0,0,0,retained
SRR13921545.2522,100,100,100,100,0,0,0,retained
SRR13921545.2523,100,100,100,100,0,0,0,retained
SRR13921545.2524,100,100,100,100,0,0,0,retained
SRR13921545.2525,100,100,100,100,0,0,0,retained
SRR13921545.2526,100,100,100,100,0,0,0,retained
SRR13921545.2527,100,100,100,100,0,0,0,retained
SRR13921545.2528,100,100,100,100,0,0,0,retained
SRR13921545.2529,100,100,100,100,0,0,0,retained
SRR13921545.2530,100,100,100,100,0,0,0,retained
SRR13921545.2531,100,100,100,100,0,0,0,retained
SRR13921545.2532,100,100,100,100,0,0,0,retained
SRR13921545.2533,100,100,100,100,0,0,0,retained
SRR13921545.2534,100,100,100,100,0,0,0,retained
SRR13921545.2535,100,100,100,100,0,0,0,retained
SRR13921545.2536,100,100,100,100,0,0,0,retained
SRR13921545.2537,100,100,100,100,0,0,0,retained
SRR13921545.2538,100,100,100,100,0,0,0,retained
SRR13921545.2539,100,100,100,100,0,0,0,retained
SRR13921545.2540,100,100,100,100,0,0,0,retained
SRR13921545.2541,100,100,100,100,0,0,0,retained
SRR13921545.2542,100,100,100,100,0,0,0,retained
SRR13921545.2543,100,100,100,100,0,0,0,retained
SRR13921545.2544,100,100,100,100,0,0,0,retained
SRR13921545.2545,100,100,100,100,0,0,0,retained
SRR13921545.2546,100,100,100,100,0,0,0,retained
SRR13921545.2547,100,100,100,100,0,0,0,retained
SRR13921545.2548,100,100,100,100,0,0,0,retained
SRR13921545.2549,100,100,100,100,0,0,0,retained
SRR13921545.2550,100,100,100,100,0,0,0,retained
SRR13921545.2551,100,100,100,100,0,0,0,retained
SRR13921545.2552,100,100,100,100,0,0,0,retained
SRR13921545.2553,100,100,100,100,0,0,0,retained
SRR13921545.2554,100,100,100,100,0,0,0,retained
SRR13921545.2555,100,100,100,100,0,0,0,retained
SRR13921545.2556,100,100,100,100,0,0,0,retained
SRR13921545.2557,100,100,100,100,0,0,0,retained
SRR13921545.2558,100,100,100,100,0,0,0,retained
SRR13921545.2559,100,100,100,100,0,0,0,retained
SRR13921545.2560,100,100,100,100,0,0,0,retained
SRR13921545.2561,100,100,100,100,0,0,0,retained
SRR13921545.2562,100,100,100,100,0,0,0,retained
SRR13921545.2563,100,100,100,100,0,0,0,retained
SRR13921545.2564,100,100,100,100,0,0,0,retained
SRR13921545.2565,100,100,100,100,0,0,0,retained
SRR13921545.2566,100,100,100,100,0,0,0,retained
SRR13921545.2567,100,100,100,100,0,0,0,retained
SRR13921545.2568,100,100,100,100,0,0,0,retained
SRR13921545.2569,100,100,100,100,0,0,0,retained
SRR13921545.2570,100,100,100,100,0,0,0,retained
SRR13921545.2571,100,100,100,100,0,0,0,retained
SRR13921545.2572,100,100,100,100,0,0,0,retained
SRR13921545.2573,100,100,100,100,0,0,0,retained
SRR13921545.2574,100,99,99,99,1,0,1,retained
SRR13921545.2575,100,100,100,100,0,0,0,retained
SRR13921545.2576,100,100,100,100,0,0,0,retained
SRR13921545.2577,100,100,100,100,0,0,0,retained
SRR13921545.2578,100,100,100,100,0,0,0,retained
SRR13921545.2579,100,100,100,100,0,0,0,retained
SRR13921545.2580,100,100,100,100,0,0,0,retained
SRR13921545.2581,100,100,100,100,0,0,0,retained
SRR13921545.2582,100,100,100,100,0,0,0,retained
SRR13921545.2583,100,100,100,100,0,0,0,retained
SRR13921545.2584,100,100,100,100,0,0,0,retained
SRR13921545.2585,100,100,100,100,0,0,0,retained
SRR13921545.2586,100,100,100,100,0,0,0,retained
SRR13921545.2587,100,100,100,100,0,0,0,retained
SRR13921545.2588,100,100,100,100,0,0,0,retained
SRR13921545.2589,100,100,100,100,0,0,0,retained
SRR13921545.2590,100,100,100,100,0,0,0,retained
SRR13921545.2591,100,100,100,100,0,0,0,retained
SRR13921545.2592,100,100,100,100,0,0,0,retained
SRR13921545.2593,100,100,100,100,0,0,0,retained
SRR13921545.2594,100,100,100,100,0,0,0,retained
SRR13921545.2595,100,100,100,100,0,0,0,retained
SRR13921545.2596,100,100,100,100,0,0,0,retained
SRR13921545.2597,100,100,100,100,0,0,0,retained
SRR13921545.2598,100,100,100,100,0,0,0,retained
SRR13921545.2599,100,100,100,100,0,0,0,retained
SRR13921545.2600,100,100,100,100,0,0,0,retained
SRR13921545.2601,100,100,100,100,0,0,0,retained
SRR13921545.2602,100,99,99,99,1,0,1,retained
SRR13921545.2603,100,100,100,100,0,0,0,retained
SRR13921545.2604,100,100,100,100,0,0,0,retained
SRR13921545.2605,100,100,100,100,0,0,0,retained
SRR13921545.2606,100,100,100,100,0,0,0,retained
SRR13921545.2607,100,100,100,100,0,0,0,retained
SRR13921545.2608,100,100,100,100,0,0,0,retained
SRR13921545.2609,100,100,100,100,0,0,0,retained
SRR13921545.2610,100,100,100,100,0,0,0,retained
SRR13921545.2611,100,100,100,100,0,0,0,retained
SRR13921545.2612,100,100,100,100,0,0,0,retained
SRR13921545.2613,100,100,100,100,0,0,0,retained
SRR13921545.2614,100,100,84,84,0,16,16,retained
SRR13921545.2615,100,100,100,100,0,0,0,retained
SRR13921545.2616,100,100,100,100,0,0,0,retained
SRR13921545.2617,100,100,100,100,0,0,0,retained
SRR13921545.2618,100,100,100,100,0,0,0,retained
SRR13921545.2619,100,100,100,100,0,0,0,retained
SRR13921545.2620,100,100,100,100,0,0,0,retained
SRR13921545.2621,100,100,100,100,0,0,0,retained
SRR13921545.2622,100,100,100,100,0,0,0,retained
SRR13921545.2623,100,100,100,100,0,0,0,retained
SRR13921545.2624,100,100,100,100,0,0,0,retained
SRR13921545.2625,100,100,100,100,0,0,0,retained
SRR13921545.2626,100,100,100,100,0,0,0,retained
SRR13921545.2627,100,100,100,100,0,0,0,retained
SRR13921545.2628,100,100,100,100,0,0,0,retained
SRR13921545.2629,100,100,100,100,0,0,0,retained
SRR13921545.2630,100,100,100,100,0,0,0,retained
SRR13921545.2631,100,100,100,100,0,0,0,retained
SRR13921545.2632,100,100,100,100,0,0,0,retained
SRR13921545.2633,100,100,100,100,0,0,0,retained
SRR13921545.2634,100,100,100,100,0,0,0,retained
SRR13921545.2635,100,99,99,99,1,0,1,retained
SRR13921545.2636,100,100,100,100,0,0,0,retained
SRR13921545.2637,100,100,100,100,0,0,0,retained
SRR13921545.2638,100,100,100,100,0,0,0,retained
SRR13921545.2639,100,99,99,99,1,0,1,retained
SRR13921545.2640,100,100,100,100,0,0,0,retained
SRR13921545.2641,100,100,100,100,0,0,0,retained
SRR13921545.2642,100,100,100,100,0,0,0,retained
SRR13921545.2643,100,100,100,100,0,0,0,retained
SRR13921545.2644,100,100,100,100,0,0,0,retained
SRR13921545.2645,100,100,100,100,0,0,0,retained
SRR13921545.2646,100,100,100,100,0,0,0,retained
SRR13921545.2647,100,100,100,100,0,0,0,retained
SRR13921545.2648,100,100,100,100,0,0,0,retained
SRR13921545.2649,100,100,100,100,0,0,0,retained
SRR13921545.2650,100,100,100,100,0,0,0,retained
SRR13921545.2651,100,100,100,100,0,0,0,retained
SRR13921545.2652,100,100,100,100,0,0,0,retained
SRR13921545.2653,100,99,99,99,1,0,1,retained
SRR13921545.2654,100,100,100,100,0,0,0,retained
SRR13921545.2655,100,100,100,100,0,0,0,retained
SRR13921545.2656,100,100,100,100,0,0,0,retained
SRR13921545.2657,100,100,100,100,0,0,0,retained
SRR13921545.2658,100,100,100,100,0,0,0,retained
SRR13921545.2659,100,100,100,100,0,0,0,retained
SRR13921545.2660,100,100,100,100,0,0,0,retained
SRR13921545.2661,100,100,100,100,0,0,0,retained
SRR13921545.2662,100,100,100,100,0,0,0,retained
SRR13921545.2663,100,100,100,100,0,0,0,retained
SRR13921545.2664,100,100,100,100,0,0,0,retained
SRR13921545.2665,100,100,100,100,0,0,0,retained
SRR13921545.2666,100,100,100,100,0,0,0,retained
SRR13921545.2667,100,100,100,100,0,0,0,retained
SRR13921545.2668,100,100,100,100,0,0,0,retained
SRR13921545.2669,100,100,100,100,0,0,0,retained
SRR13921545.2670,100,100,100,100,0,0,0,retained
SRR13921545.2671,100,100,100,100,0,0,0,retained
SRR13921545.2672,100,100,100,100,0,0,0,retained
SRR13921545.2673,100,100,100,100,0,0,0,retained
SRR13921545.2674,100,100,100,100,0,0,0,retained
SRR13921545.2675,100,100,100,100,0,0,0,retained
SRR13921545.2676,100,100,100,100,0,0,0,retained
SRR13921545.2677,100,100,100,100,0,0,0,retained
SRR13921545.2678,100,100,100,100,0,0,0,retained
SRR13921545.2679,100,100,100,100,0,0,0,retained
SRR13921545.2680,100,100,100,100,0,0,0,retained
SRR13921545.2681,100,100,100,100,0,0,0,retained
SRR13921545.2682,100,100,100,100,0,0,0,retained
SRR13921545.2683,100,100,100,100,0,0,0,retained
SRR13921545.2684,100,99,99,99,1,0,1,retained
SRR13921545.2685,100,100,100,100,0,0,0,retained
SRR13921545.2686,100,100,100,100,0,0,0,retained
SRR13921545.2687,100,100,100,100,0,0,0,retained
SRR13921545.2688,100,100,100,100,0,0,0,retained
SRR13921545.2689,100,100,100,100,0,0,0,retained
SRR13921545.2690,100,100,100,100,0,0,0,retained
SRR13921545.2691,100,100,100,100,0,0,0,retained
SRR13921545.2692,100,100,100,100,0,0,0,retained
SRR13921545.2693,100,100,100,100,0,0,0,retained
SRR13921545.2694,100,100,100,100,0,0,0,retained
SRR13921545.2695,100,100,100,100,0,0,0,retained
SRR13921545.2696,100,100,100,100,0,0,0,retained
SRR13921545.2697,100,100,100,100,0,0,0,retained
SRR13921545.2698,100,100,100,100,0,0,0,retained
SRR13921545.2699,100,100,100,100,0,0,0,retained
SRR13921545.2700,100,100,100,100,0,0,0,retained
SRR13921545.2701,100,100,100,100,0,0,0,retained
SRR13921545.2702,100,100,100,100,0,0,0,retained
SRR13921545.2703,100,100,100,100,0,0,0,retained
SRR13921545.2704,100,100,100,100,0,0,0,retained
SRR13921545.2705,100,100,100,100,0,0,0,retained
SRR13921545.2706,100,100,100,100,0,0,0,retained
SRR13921545.2707,100,100,100,100,0,0,0,retained
SRR13921545.2708,100,100,100,100,0,0,0,retained
SRR13921545.2709,100,100,100,100,0,0,0,retained
SRR13921545.2710,100,100,100,100,0,0,0,retained
SRR13921545.2711,100,100,100,100,0,0,0,retained
SRR13921545.2712,100,100,100,100,0,0,0,retained
SRR13921545.2713,100,100,100,100,0,0,0,retained
SRR13921545.2714,100,100,100,100,0,0,0,retained
SRR13921545.2715,100,100,100,100,0,0,0,retained
SRR13921545.2716,100,100,100,100,0,0,0,retained
SRR13921545.2717,100,100,100,100,0,0,0,retained
SRR13921545.2718,100,100,100,100,0,0,0,retained
SRR13921545.2719,100,100,100,100,0,0,0,retained
SRR13921545.2720,100,100,100,100,0,0,0,retained
SRR13921545.2721,100,100,100,100,0,0,0,retained
SRR13921545.2722,100,100,100,100,0,0,0,retained
SRR13921545.2723,100,100,100,100,0,0,0,retained
SRR13921545.2724,100,100,100,100,0,0,0,retained
SRR13921545.2725,100,100,100,100,0,0,0,retained
SRR13921545.2726,100,100,100,100,0,0,0,retained
SRR13921545.2727,100,100,100,100,0,0,0,retained
SRR13921545.2728,100,100,100,100,0,0,0,retained
SRR13921545.2729,100,100,100,100,0,0,0,retained
SRR13921545.2730,100,100,100,100,0,0,0,retained
SRR13921545.2731,100,100,100,100,0,0,0,retained
SRR13921545.2732,100,100,100,100,0,0,0,retained
SRR13921545.2733,100,100,100,100,0,0,0,retained
SRR13921545.2734,100,100,100,100,0,0,0,retained
SRR13921545.2735,100,100,100,100,0,0,0,retained
SRR13921545.2736,100,100,100,100,0,0,0,retained
SRR13921545.2737,100,99,99,99,1,0,1,retained
SRR13921545.2738,100,100,100,100,0,0,0,retained
SRR13921545.2739,100,100,100,100,0,0,0,retained
SRR13921545.2740,100,100,100,100,0,0,0,retained
SRR13921545.2741,100,100,100,100,0,0,0,retained
SRR13921545.2742,100,100,100,100,0,0,0,retained
SRR13921545.2743,100,100,100,100,0,0,0,retained
SRR13921545.2744,100,100,100,100,0,0,0,retained
SRR13921545.2745,100,100,100,100,0,0,0,retained
SRR13921545.2746,100,100,100,100,0,0,0,retained
SRR13921545.2747,100,100,100,100,0,0,0,retained
SRR13921545.2748,100,100,100,100,0,0,0,retained
SRR13921545.2749,100,100,100,100,0,0,0,retained
SRR13921545.2750,100,100,100,100,0,0,0,retained
SRR13921545.2751,100,100,100,100,0,0,0,retained
SRR13921545.2752,100,100,100,100,0,0,0,retained
SRR13921545.2753,100,100,100,100,0,0,0,retained
SRR13921545.2754,100,100,100,100,0,0,0,retained
SRR13921545.2755,100,100,100,100,0,0,0,retained
SRR13921545.2756,100,100,100,100,0,0,0,retained
SRR13921545.2757,100,100,100,100,0,0,0,retained
SRR13921545.2758,100,100,100,100,0,0,0,retained
SRR13921545.2759,100,100,100,100,0,0,0,retained
SRR13921545.2760,100,100,100,100,0,0,0,retained
SRR13921545.2761,100,100,100,100,0,0,0,retained
SRR13921545.2762,100,100,100,100,0,0,0,retained
SRR13921545.2763,100,100,100,100,0,0,0,retained
SRR13921545.2764,100,100,100,100,0,0,0,retained
SRR13921545.2765,100,100,100,100,0,0,0,retained
SRR13921545.2766,100,100,100,100,0,0,0,retained
SRR13921545.2767,100,100,100,100,0,0,0,retained
SRR13921545.2768,100,100,100,100,0,0,0,retained
SRR13921545.2769,100,100,100,100,0,0,0,retained
SRR13921545.2770,100,100,100,100,0,0,0,retained
SRR13921545.2771,100,100,100,100,0,0,0,retained
SRR13921545.2772,100,100,100,100,0,0,0,retained
SRR13921545.2773,100,100,100,100,0,0,0,retained
SRR13921545.2774,100,100,100,100,0,0,0,retained
SRR13921545.2775,100,100,100,100,0,0,0,retained
SRR13921545.2776,100,100,100,100,0,0,0,retained
SRR13921545.2777,100,100,100,100,0,0,0,retained
SRR13921545.2778,100,100,100,100,0,0,0,retained
SRR13921545.2779,100,100,100,100,0,0,0,retained
SRR13921545.2780,100,100,100,100,0,0,0,retained
SRR13921545.2781,100,100,100,100,0,0,0,retained
SRR13921545.2782,100,100,100,100,0,0,0,retained
SRR13921545.2783,100,100,100,100,0,0,0,retained
SRR13921545.2784,100,98,98,98,2,0,2,retained
SRR13921545.2785,100,100,100,100,0,0,0,retained
SRR13921545.2786,100,100,100,100,0,0,0,retained
SRR13921545.2787,100,100,100,100,0,0,0,retained
SRR13921545.2788,100,100,100,100,0,0,0,retained
SRR13921545.2789,100,100,100,100,0,0,0,retained
SRR13921545.2790,100,100,100,100,0,0,0,retained
SRR13921545.2791,100,100,100,100,0,0,0,retained
SRR13921545.2792,100,100,100,100,0,0,0,retained
SRR13921545.2793,100,100,100,100,0,0,0,retained
SRR13921545.2794,100,100,100,100,0,0,0,retained
SRR13921545.2795,100,100,100,100,0,0,0,retained
SRR13921545.2796,100,100,100,100,0,0,0,retained
SRR13921545.2797,100,100,100,100,0,0,0,retained
SRR13921545.2798,100,100,100,100,0,0,0,retained
SRR13921545.2799,100,100,100,100,0,0,0,retained
SRR13921545.2800,100,100,100,100,0,0,0,retained
SRR13921545.2801,100,100,100,100,0,0,0,retained
SRR13921545.2802,100,100,63,63,0,37,37,discarded_too_short
SRR13921545.2803,100,100,100,100,0,0,0,retained
SRR13921545.2804,100,100,100,100,0,0,0,retained
SRR13921545.2805,100,100,100,100,0,0,0,retained
SRR13921545.2806,100,100,100,100,0,0,0,retained
SRR13921545.2807,100,100,100,100,0,0,0,retained
SRR13921545.2808,100,100,100,100,0,0,0,retained
SRR13921545.2809,100,100,100,100,0,0,0,retained
SRR13921545.2810,100,100,100,100,0,0,0,retained
SRR13921545.2811,100,100,100,100,0,0,0,retained
SRR13921545.2812,100,100,100,100,0,0,0,retained
SRR13921545.2813,100,100,100,100,0,0,0,retained
SRR13921545.2814,100,100,100,100,0,0,0,retained
SRR13921545.2815,100,100,100,100,0,0,0,retained
SRR13921545.2816,100,100,100,100,0,0,0,retained
SRR13921545.2817,100,100,100,100,0,0,0,retained
SRR13921545.2818,100,100,100,100,0,0,0,retained
SRR13921545.2819,100,100,100,100,0,0,0,retained
SRR13921545.2820,100,100,100,100,0,0,0,retained
SRR13921545.2821,100,100,100,100,0,0,0,retained
SRR13921545.2822,100,100,100,100,0,0,0,retained
SRR13921545.2823,100,100,100,100,0,0,0,retained
SRR13921545.2824,100,100,100,100,0,0,0,retained
SRR13921545.2825,100,100,100,100,0,0,0,retained
SRR13921545.2826,100,100,100,100,0,0,0,retained
SRR13921545.2827,100,100,100,100,0,0,0,retained
SRR13921545.2828,100,100,100,100,0,0,0,retained
SRR13921545.2829,100,100,100,100,0,0,0,retained
SRR13921545.2830,100,100,100,100,0,0,0,retained
SRR13921545.2831,100,100,100,100,0,0,0,retained
SRR13921545.2832,100,100,100,100,0,0,0,retained
SRR13921545.2833,100,100,100,100,0,0,0,retained
SRR13921545.2834,100,100,100,100,0,0,0,retained
SRR13921545.2835,100,100,100,100,0,0,0,retained
SRR13921545.2836,100,100,100,100,0,0,0,retained
SRR13921545.2837,100,100,100,100,0,0,0,retained
SRR13921545.2838,100,100,100,100,0,0,0,retained
SRR13921545.2839,100,100,100,100,0,0,0,retained
SRR13921545.2840,100,100,100,100,0,0,0,retained
SRR13921545.2841,100,100,100,100,0,0,0,retained
SRR13921545.2842,100,100,100,100,0,0,0,retained
SRR13921545.2843,100,100,100,100,0,0,0,retained
SRR13921545.2844,100,100,100,100,0,0,0,retained
SRR13921545.2845,100,100,100,100,0,0,0,retained
SRR13921545.2846,100,100,100,100,0,0,0,retained
SRR13921545.2847,100,100,100,100,0,0,0,retained
SRR13921545.2848,100,100,100,100,0,0,0,retained
SRR13921545.2849,100,100,100,100,0,0,0,retained
SRR13921545.2850,100,100,100,100,0,0,0,retained
SRR13921545.2851,100,100,100,100,0,0,0,retained
SRR13921545.2852,100,100,100,100,0,0,0,retained
SRR13921545.2853,100,100,100,100,0,0,0,retained
SRR13921545.2854,100,100,100,100,0,0,0,retained
SRR13921545.2855,100,100,100,100,0,0,0,retained
SRR13921545.2856,100,100,100,100,0,0,0,retained
SRR13921545.2857,100,100,100,100,0,0,0,retained
SRR13921545.2858,100,99,99,99,1,0,1,retained
SRR13921545.2859,100,100,100,100,0,0,0,retained
SRR13921545.2860,100,100,100,100,0,0,0,retained
SRR13921545.2861,100,100,100,100,0,0,0,retained
SRR13921545.2862,100,100,100,100,0,0,0,retained
SRR13921545.2863,100,100,100,100,0,0,0,retained
SRR13921545.2864,100,100,100,100,0,0,0,retained
SRR13921545.2865,100,100,100,100,0,0,0,retained
SRR13921545.2866,100,100,100,100,0,0,0,retained
SRR13921545.2867,100,100,100,100,0,0,0,retained
SRR13921545.2868,100,100,100,100,0,0,0,retained
SRR13921545.2869,100,100,100,100,0,0,0,retained
SRR13921545.2870,100,100,100,100,0,0,0,retained
SRR13921545.2871,100,100,100,100,0,0,0,retained
SRR13921545.2872,100,100,100,100,0,0,0,retained
SRR13921545.2873,100,100,100,100,0,0,0,retained
SRR13921545.2874,100,100,100,100,0,0,0,retained
SRR13921545.2875,100,100,100,100,0,0,0,retained
SRR13921545.2876,100,100,100,100,0,0,0,retained
SRR13921545.2877,100,100,100,100,0,0,0,retained
SRR13921545.2878,100,100,100,100,0,0,0,retained
SRR13921545.2879,100,100,100,100,0,0,0,retained
SRR13921545.2880,100,100,100,100,0,0,0,retained
SRR13921545.2881,100,100,100,100,0,0,0,retained
SRR13921545.2882,100,100,100,100,0,0,0,retained
SRR13921545.2883,100,100,100,100,0,0,0,retained
SRR13921545.2884,100,100,100,100,0,0,0,retained
SRR13921545.2885,100,100,100,100,0,0,0,retained
SRR13921545.2886,100,100,100,100,0,0,0,retained
SRR13921545.2887,100,100,100,100,0,0,0,retained
SRR13921545.2888,100,100,100,100,0,0,0,retained
SRR13921545.2889,100,100,100,100,0,0,0,retained
SRR13921545.2890,100,100,100,100,0,0,0,retained
SRR13921545.2891,100,100,100,100,0,0,0,retained
SRR13921545.2892,100,100,100,100,0,0,0,retained
SRR13921545.2893,100,100,100,100,0,0,0,retained
SRR13921545.2894,100,100,100,100,0,0,0,retained
SRR13921545.2895,100,100,100,100,0,0,0,retained
SRR13921545.2896,100,100,100,100,0,0,0,retained
SRR13921545.2897,100,100,100,100,0,0,0,retained
SRR13921545.2898,100,100,100,100,0,0,0,retained
SRR13921545.2899,100,100,100,100,0,0,0,retained
SRR13921545.2900,100,100,100,100,0,0,0,retained
SRR13921545.2901,100,100,100,100,0,0,0,retained
SRR13921545.2902,100,100,100,100,0,0,0,retained
SRR13921545.2903,100,100,100,100,0,0,0,retained
SRR13921545.2904,100,100,100,100,0,0,0,retained
SRR13921545.2905,100,100,100,100,0,0,0,retained
SRR13921545.2906,100,100,100,100,0,0,0,retained
SRR13921545.2907,100,100,100,100,0,0,0,retained
SRR13921545.2908,100,100,100,100,0,0,0,retained
SRR13921545.2909,100,100,100,100,0,0,0,retained
SRR13921545.2910,100,100,100,100,0,0,0,retained
SRR13921545.2911,100,100,100,100,0,0,0,retained
SRR13921545.2912,100,100,100,100,0,0,0,retained
SRR13921545.2913,100,100,100,100,0,0,0,retained
SRR13921545.2914,100,100,100,100,0,0,0,retained
SRR13921545.2915,100,100,100,100,0,0,0,retained
SRR13921545.2916,100,100,100,100,0,0,0,retained
SRR13921545.2917,100,100,100,100,0,0,0,retained
SRR13921545.2918,100,100,100,100,0,0,0,retained
SRR13921545.2919,100,100,100,100,0,0,0,retained
SRR13921545.2920,100,100,100,100,0,0,0,retained
SRR13921545.2921,100,100,100,100,0,0,0,retained
SRR13921545.2922,100,100,100,100,0,0,0,retained
SRR13921545.2923,100,100,100,100,0,0,0,retained
SRR13921545.2924,100,100,100,100,0,0,0,retained
SRR13921545.2925,100,100,100,100,0,0,0,retained
SRR13921545.2926,100,100,100,100,0,0,0,retained
SRR13921545.2927,100,100,100,100,0,0,0,retained
SRR13921545.2928,100,100,100,100,0,0,0,retained
SRR13921545.2929,100,100,100,100,0,0,0,retained
SRR13921545.2930,100,100,100,100,0,0,0,retained
SRR13921545.2931,100,100,100,100,0,0,0,retained
SRR13921545.2932,100,100,100,100,0,0,0,retained
SRR13921545.2933,100,100,100,100,0,0,0,retained
SRR13921545.2934,100,100,100,100,0,0,0,retained
SRR13921545.2935,100,100,100,100,0,0,0,retained
SRR13921545.2936,100,100,100,100,0,0,0,retained
SRR13921545.2937,100,100,100,100,0,0,0,retained
SRR13921545.2938,100,100,100,100,0,0,0,retained
SRR13921545.2939,100,100,100,100,0,0,0,retained
SRR13921545.2940,100,100,100,100,0,0,0,retained
SRR13921545.2941,100,100,100,100,0,0,0,retained
SRR13921545.2942,100,100,100,100,0,0,0,retained
SRR13921545.2943,100,100,100,100,0,0,0,retained
SRR13921545.2944,100,100,100,100,0,0,0,retained
SRR13921545.2945,100,100,100,100,0,0,0,retained
SRR13921545.2946,100,100,100,100,0,0,0,retained
SRR13921545.2947,100,100,100,100,0,0,0,retained
SRR13921545.2948,100,100,100,100,0,0,0,retained
SRR13921545.2949,100,100,100,100,0,0,0,retained
SRR13921545.2950,100,100,100,100,0,0,0,retained
SRR13921545.2951,100,100,100,100,0,0,0,retained
SRR13921545.2952,100,100,100,100,0,0,0,retained
SRR13921545.2953,100,100,100,100,0,0,0,retained
SRR13921545.2954,100,100,100,100,0,0,0,retained
SRR13921545.2955,100,100,100,100,0,0,0,retained
SRR13921545.2956,100,100,100,100,0,0,0,retained
SRR13921545.2957,100,100,100,100,0,0,0,retained
SRR13921545.2958,100,100,100,100,0,0,0,retained
SRR13921545.2959,100,100,100,100,0,0,0,retained
SRR13921545.2960,100,100,100,100,0,0,0,retained
SRR13921545.2961,100,100,100,100,0,0,0,retained
SRR13921545.2962,100,100,100,100,0,0,0,retained
SRR13921545.2963,100,100,100,100,0,0,0,retained
SRR13921545.2964,100,100,100,100,0,0,0,retained
SRR13921545.2965,100,100,100,100,0,0,0,retained
SRR13921545.2966,100,100,100,100,0,0,0,retained
SRR13921545.2967,100,100,100,100,0,0,0,retained
SRR13921545.2968,100,100,100,100,0,0,0,retained
SRR13921545.2969,100,100,100,100,0,0,0,retained
SRR13921545.2970,100,100,100,100,0,0,0,retained
SRR13921545.2971,100,100,100,100,0,0,0,retained
SRR13921545.2972,100,100,100,100,0,0,0,retained
SRR13921545.2973,100,100,100,100,0,0,0,retained
SRR13921545.2974,100,100,100,100,0,0,0,retained
SRR13921545.2975,100,100,100,100,0,0,0,retained
SRR13921545.2976,100,100,100,100,0,0,0,retained
SRR13921545.2977,100,100,100,100,0,0,0,retained
SRR13921545.2978,100,100,100,100,0,0,0,retained
SRR13921545.2979,100,100,100,100,0,0,0,retained
SRR13921545.2980,100,100,100,100,0,0,0,retained
SRR13921545.2981,100,100,100,100,0,0,0,retained
SRR13921545.2982,100,100,100,100,0,0,0,retained
SRR13921545.2983,100,100,100,100,0,0,0,retained
SRR13921545.2984,100,100,100,100,0,0,0,retained
SRR13921545.2985,100,100,100,100,0,0,0,retained
SRR13921545.2986,100,100,100,100,0,0,0,retained
SRR13921545.2987,100,100,100,100,0,0,0,retained
SRR13921545.2988,100,100,100,100,0,0,0,retained
SRR13921545.2989,100,100,100,100,0,0,0,retained
SRR13921545.2990,100,100,100,100,0,0,0,retained
SRR13921545.2991,100,100,100,100,0,0,0,retained
SRR13921545.2992,100,100,100,100,0,0,0,retained
SRR13921545.2993,100,100,100,100,0,0,0,retained
SRR13921545.2994,100,100,100,100,0,0,0,retained
SRR13921545.2995,100,100,100,100,0,0,0,retained
SRR13921545.2996,100,100,100,100,0,0,0,retained
SRR13921545.2997,100,100,100,100,0,0,0,retained
SRR13921545.2998,100,100,100,100,0,0,0,retained
SRR13921545.2999,100,100,100,100,0,0,0,retained
SRR13921545.3000,100,100,100,100,0,0,0,retained
SRR13921545.3001,100,100,100,100,0,0,0,retained
SRR13921545.3002,100,100,100,100,0,0,0,retained
SRR13921545.3003,100,100,100,100,0,0,0,retained
SRR13921545.3004,100,100,100,100,0,0,0,retained
SRR13921545.3005,100,100,100,100,0,0,0,retained
SRR13921545.3006,100,100,100,100,0,0,0,retained
SRR13921545.3007,100,100,100,100,0,0,0,retained
SRR13921545.3008,100,100,100,100,0,0,0,retained
SRR13921545.3009,100,100,100,100,0,0,0,retained
SRR13921545.3010,100,100,100,100,0,0,0,retained
SRR13921545.3011,100,100,100,100,0,0,0,retained
SRR13921545.3012,100,100,100,100,0,0,0,retained
SRR13921545.3013,100,100,100,100,0,0,0,retained
SRR13921545.3014,100,100,100,100,0,0,0,retained
SRR13921545.3015,100,100,100,100,0,0,0,retained
SRR13921545.3016,100,100,100,100,0,0,0,retained
SRR13921545.3017,100,100,100,100,0,0,0,retained
SRR13921545.3018,100,100,100,100,0,0,0,retained
SRR13921545.3019,100,100,100,100,0,0,0,retained
SRR13921545.3020,100,100,100,100,0,0,0,retained
SRR13921545.3021,100,100,100,100,0,0,0,retained
SRR13921545.3022,100,100,100,100,0,0,0,retained
SRR13921545.3023,100,100,100,100,0,0,0,retained
SRR13921545.3024,100,100,100,100,0,0,0,retained
SRR13921545.3025,100,100,100,100,0,0,0,retained
SRR13921545.3026,100,100,100,100,0,0,0,retained
SRR13921545.3027,100,100,100,100,0,0,0,retained
SRR13921545.3028,100,100,100,100,0,0,0,retained
SRR13921545.3029,100,100,100,100,0,0,0,retained
SRR13921545.3030,100,100,100,100,0,0,0,retained
SRR13921545.3031,100,100,100,100,0,0,0,retained
SRR13921545.3032,100,100,100,100,0,0,0,retained
SRR13921545.3033,100,100,100,100,0,0,0,retained
SRR13921545.3034,100,100,100,100,0,0,0,retained
SRR13921545.3035,100,100,100,100,0,0,0,retained
SRR13921545.3036,100,100,100,100,0,0,0,retained
SRR13921545.3037,100,100,100,100,0,0,0,retained
SRR13921545.3038,100,100,100,100,0,0,0,retained
SRR13921545.3039,100,100,100,100,0,0,0,retained
SRR13921545.3040,100,100,100,100,0,0,0,retained
SRR13921545.3041,100,100,100,100,0,0,0,retained
SRR13921545.3042,100,100,100,100,0,0,0,retained
SRR13921545.3043,100,100,100,100,0,0,0,retained
SRR13921545.3044,100,100,100,100,0,0,0,retained
SRR13921545.3045,100,100,100,100,0,0,0,retained
SRR13921545.3046,100,100,100,100,0,0,0,retained
SRR13921545.3047,100,100,100,100,0,0,0,retained
SRR13921545.3048,100,100,100,100,0,0,0,retained
SRR13921545.3049,100,100,100,100,0,0,0,retained
SRR13921545.3050,100,100,100,100,0,0,0,retained
SRR13921545.3051,100,100,100,100,0,0,0,retained
SRR13921545.3052,100,100,100,100,0,0,0,retained
SRR13921545.3053,100,100,100,100,0,0,0,retained
SRR13921545.3054,100,100,100,100,0,0,0,retained
SRR13921545.3055,100,100,100,100,0,0,0,retained
SRR13921545.3056,100,100,100,100,0,0,0,retained
SRR13921545.3057,100,100,100,100,0,0,0,retained
SRR13921545.3058,100,100,100,100,0,0,0,retained
SRR13921545.3059,100,100,100,100,0,0,0,retained
SRR13921545.3060,100,100,100,100,0,0,0,retained
SRR13921545.3061,100,100,100,100,0,0,0,retained
SRR13921545.3062,100,100,100,100,0,0,0,retained
SRR13921545.3063,100,100,100,100,0,0,0,retained
SRR13921545.3064,100,100,100,100,0,0,0,retained
SRR13921545.3065,100,100,100,100,0,0,0,retained
SRR13921545.3066,100,100,100,100,0,0,0,retained
SRR13921545.3067,100,100,100,100,0,0,0,retained
SRR13921545.3068,100,100,100,100,0,0,0,retained
SRR13921545.3069,100,100,100,100,0,0,0,retained
SRR13921545.3070,100,100,100,100,0,0,0,retained
SRR13921545.3071,100,100,100,100,0,0,0,retained
SRR13921545.3072,100,100,100,100,0,0,0,retained
SRR13921545.3073,100,100,100,100,0,0,0,retained
SRR13921545.3074,100,100,100,100,0,0,0,retained
SRR13921545.3075,100,100,100,100,0,0,0,retained
SRR13921545.3076,100,100,100,100,0,0,0,retained
SRR13921545.3077,100,100,100,100,0,0,0,retained
SRR13921545.3078,100,100,100,100,0,0,0,retained
SRR13921545.3079,100,100,100,100,0,0,0,retained
SRR13921545.3080,100,100,100,100,0,0,0,retained
SRR13921545.3081,100,100,100,100,0,0,0,retained
SRR13921545.3082,100,100,100,100,0,0,0,retained
SRR13921545.3083,100,100,100,100,0,0,0,retained
SRR13921545.3084,100,100,100,100,0,0,0,retained
SRR13921545.3085,100,100,100,100,0,0,0,retained
SRR13921545.3086,100,100,88,88,0,12,12,retained
SRR13921545.3087,100,100,100,100,0,0,0,retained
SRR13921545.3088,100,100,100,100,0,0,0,retained
SRR13921545.3089,100,100,100,100,0,0,0,retained
SRR13921545.3090,100,100,100,100,0,0,0,retained
SRR13921545.3091,100,100,100,100,0,0,0,retained
SRR13921545.3092,100,100,100,100,0,0,0,retained
SRR13921545.3093,100,100,100,100,0,0,0,retained
SRR13921545.3094,100,100,100,100,0,0,0,retained
SRR13921545.3095,100,100,100,100,0,0,0,retained
SRR13921545.3096,100,100,100,100,0,0,0,retained
SRR13921545.3097,100,100,100,100,0,0,0,retained
SRR13921545.3098,100,100,100,100,0,0,0,retained
SRR13921545.3099,100,100,100,100,0,0,0,retained
SRR13921545.3100,100,100,100,100,0,0,0,retained
SRR13921545.3101,100,100,100,100,0,0,0,retained
SRR13921545.3102,100,100,100,100,0,0,0,retained
SRR13921545.3103,100,100,100,100,0,0,0,retained
SRR13921545.3104,100,100,100,100,0,0,0,retained
SRR13921545.3105,100,100,100,100,0,0,0,retained
SRR13921545.3106,100,100,100,100,0,0,0,retained
SRR13921545.3107,100,100,100,100,0,0,0,retained
SRR13921545.3108,100,100,100,100,0,0,0,retained
SRR13921545.3109,100,100,100,100,0,0,0,retained
SRR13921545.3110,100,100,100,100,0,0,0,retained
SRR13921545.3111,100,100,100,100,0,0,0,retained
SRR13921545.3112,100,100,100,100,0,0,0,retained
SRR13921545.3113,100,100,100,100,0,0,0,retained
SRR13921545.3114,100,100,100,100,0,0,0,retained
SRR13921545.3115,100,100,100,100,0,0,0,retained
SRR13921545.3116,100,100,100,100,0,0,0,retained
SRR13921545.3117,100,100,100,100,0,0,0,retained
SRR13921545.3118,100,100,100,100,0,0,0,retained
SRR13921545.3119,100,100,100,100,0,0,0,retained
SRR13921545.3120,100,100,100,100,0,0,0,retained
SRR13921545.3121,100,100,100,100,0,0,0,retained
SRR13921545.3122,100,100,100,100,0,0,0,retained
SRR13921545.3123,100,100,100,100,0,0,0,retained
SRR13921545.3124,100,100,100,100,0,0,0,retained
SRR13921545.3125,100,100,100,100,0,0,0,retained
SRR13921545.3126,100,100,100,100,0,0,0,retained
SRR13921545.3127,100,100,100,100,0,0,0,retained
SRR13921545.3128,100,100,100,100,0,0,0,retained
SRR13921545.3129,100,100,100,100,0,0,0,retained
SRR13921545.3130,100,100,100,100,0,0,0,retained
SRR13921545.3131,100,100,100,100,0,0,0,retained
SRR13921545.3132,100,100,100,100,0,0,0,retained
SRR13921545.3133,100,100,100,100,0,0,0,retained
SRR13921545.3134,100,100,100,100,0,0,0,retained
SRR13921545.3135,100,100,100,100,0,0,0,retained
SRR13921545.3136,100,100,100,100,0,0,0,retained
SRR13921545.3137,100,100,100,100,0,0,0,retained
SRR13921545.3138,100,100,100,100,0,0,0,retained
SRR13921545.3139,100,100,100,100,0,0,0,retained
SRR13921545.3140,100,100,100,100,0,0,0,retained
SRR13921545.3141,100,100,100,100,0,0,0,retained
SRR13921545.3142,100,100,100,100,0,0,0,retained
SRR13921545.3143,100,100,100,100,0,0,0,retained
SRR13921545.3144,100,100,100,100,0,0,0,retained
SRR13921545.3145,100,100,100,100,0,0,0,retained
SRR13921545.3146,100,100,100,100,0,0,0,retained
SRR13921545.3147,100,100,100,100,0,0,0,retained
SRR13921545.3148,100,100,100,100,0,0,0,retained
SRR13921545.3149,100,100,100,100,0,0,0,retained
SRR13921545.3150,100,100,100,100,0,0,0,retained
SRR13921545.3151,100,100,100,100,0,0,0,retained
SRR13921545.3152,100,100,100,100,0,0,0,retained
SRR13921545.3153,100,100,100,100,0,0,0,retained
SRR13921545.3154,100,100,100,100,0,0,0,retained
SRR13921545.3155,100,100,100,100,0,0,0,retained
SRR13921545.3156,100,100,100,100,0,0,0,retained
SRR13921545.3157,100,100,100,100,0,0,0,retained
SRR13921545.3158,100,100,100,100,0,0,0,retained
SRR13921545.3159,100,100,100,100,0,0,0,retained
SRR13921545.3160,100,100,100,100,0,0,0,retained
SRR13921545.3161,100,100,100,100,0,0,0,retained
SRR13921545.3162,100,100,100,100,0,0,0,retained
SRR13921545.3163,100,100,100,100,0,0,0,retained
SRR13921545.3164,100,100,100,100,0,0,0,retained
SRR13921545.3165,100,100,100,100,0,0,0,retained
SRR13921545.3166,100,100,100,100,0,0,0,retained
SRR13921545.3167,100,100,100,100,0,0,0,retained
SRR13921545.3168,100,100,100,100,0,0,0,retained
SRR13921545.3169,100,100,100,100,0,0,0,retained
SRR13921545.3170,100,100,100,100,0,0,0,retained
SRR13921545.3171,100,100,100,100,0,0,0,retained
SRR13921545.3172,100,100,100,100,0,0,0,retained
SRR13921545.3173,100,100,100,100,0,0,0,retained
SRR13921545.3174,100,100,100,100,0,0,0,retained
SRR13921545.3175,100,100,100,100,0,0,0,retained
SRR13921545.3176,100,100,100,100,0,0,0,retained
SRR13921545.3177,100,100,100,100,0,0,0,retained
SRR13921545.3178,100,100,100,100,0,0,0,retained
SRR13921545.3179,100,100,100,100,0,0,0,retained
SRR13921545.3180,100,100,100,100,0,0,0,retained
SRR13921545.3181,100,100,100,100,0,0,0,retained
SRR13921545.3182,100,100,100,100,0,0,0,retained
SRR13921545.3183,100,100,100,100,0,0,0,retained
SRR13921545.3184,100,100,100,100,0,0,0,retained
SRR13921545.3185,100,100,100,100,0,0,0,retained
SRR13921545.3186,100,100,100,100,0,0,0,retained
SRR13921545.3187,100,100,100,100,0,0,0,retained
SRR13921545.3188,100,100,100,100,0,0,0,retained
SRR13921545.3189,100,100,100,100,0,0,0,retained
SRR13921545.3190,100,100,100,100,0,0,0,retained
SRR13921545.3191,100,100,100,100,0,0,0,retained
SRR13921545.3192,100,100,100,100,0,0,0,retained
SRR13921545.3193,100,100,100,100,0,0,0,retained
SRR13921545.3194,100,100,100,100,0,0,0,retained
SRR13921545.3195,100,100,100,100,0,0,0,retained
SRR13921545.3196,100,100,100,100,0,0,0,retained
SRR13921545.3197,100,100,100,100,0,0,0,retained
SRR13921545.3198,100,100,100,100,0,0,0,retained
SRR13921545.3199,100,100,100,100,0,0,0,retained
SRR13921545.3200,100,100,100,100,0,0,0,retained
SRR13921545.3201,100,100,100,100,0,0,0,retained
SRR13921545.3202,100,100,100,100,0,0,0,retained
SRR13921545.3203,100,100,100,100,0,0,0,retained
SRR13921545.3204,100,100,100,100,0,0,0,retained
SRR13921545.3205,100,100,100,100,0,0,0,retained
SRR13921545.3206,100,100,100,100,0,0,0,retained
SRR13921545.3207,100,100,100,100,0,0,0,retained
SRR13921545.3208,100,100,100,100,0,0,0,retained
SRR13921545.3209,100,100,100,100,0,0,0,retained
SRR13921545.3210,100,100,100,100,0,0,0,retained
SRR13921545.3211,100,100,100,100,0,0,0,retained
SRR13921545.3212,100,100,100,100,0,0,0,retained
SRR13921545.3213,100,100,100,100,0,0,0,retained
SRR13921545.3214,100,100,100,100,0,0,0,retained
SRR13921545.3215,100,100,100,100,0,0,0,retained
SRR13921545.3216,100,100,100,100,0,0,0,retained
SRR13921545.3217,100,100,100,100,0,0,0,retained
SRR13921545.3218,100,100,100,100,0,0,0,retained
SRR13921545.3219,100,100,100,100,0,0,0,retained
SRR13921545.3220,100,100,100,100,0,0,0,retained
SRR13921545.3221,100,100,100,100,0,0,0,retained
SRR13921545.3222,100,100,100,100,0,0,0,retained
SRR13921545.3223,100,100,100,100,0,0,0,retained
SRR13921545.3224,100,100,100,100,0,0,0,retained
SRR13921545.3225,100,100,100,100,0,0,0,retained
SRR13921545.3226,100,100,100,100,0,0,0,retained
SRR13921545.3227,100,100,100,100,0,0,0,retained
SRR13921545.3228,100,100,100,100,0,0,0,retained
SRR13921545.3229,100,100,100,100,0,0,0,retained
SRR13921545.3230,100,100,100,100,0,0,0,retained
SRR13921545.3231,100,100,100,100,0,0,0,retained
SRR13921545.3232,100,100,100,100,0,0,0,retained
SRR13921545.3233,100,100,100,100,0,0,0,retained
SRR13921545.3234,100,100,100,100,0,0,0,retained
SRR13921545.3235,100,100,100,100,0,0,0,retained
SRR13921545.3236,100,100,100,100,0,0,0,retained
SRR13921545.3237,100,100,100,100,0,0,0,retained
SRR13921545.3238,100,100,100,100,0,0,0,retained
SRR13921545.3239,100,100,100,100,0,0,0,retained
SRR13921545.3240,100,100,100,100,0,0,0,retained
SRR13921545.3241,100,100,100,100,0,0,0,retained
SRR13921545.3242,100,100,100,100,0,0,0,retained
SRR13921545.3243,100,100,100,100,0,0,0,retained
SRR13921545.3244,100,100,100,100,0,0,0,retained
SRR13921545.3245,100,100,100,100,0,0,0,retained
SRR13921545.3246,100,100,100,100,0,0,0,retained
SRR13921545.3247,100,100,100,100,0,0,0,retained
SRR13921545.3248,100,100,100,100,0,0,0,retained
SRR13921545.3249,100,100,100,100,0,0,0,retained
SRR13921545.3250,100,100,100,100,0,0,0,retained
SRR13921545.3251,100,100,100,100,0,0,0,retained
SRR13921545.3252,100,100,100,100,0,0,0,retained
SRR13921545.3253,100,100,100,100,0,0,0,retained
SRR13921545.3254,100,100,100,100,0,0,0,retained
SRR13921545.3255,100,100,100,100,0,0,0,retained
SRR13921545.3256,100,100,100,100,0,0,0,retained
SRR13921545.3257,100,100,100,100,0,0,0,retained
SRR13921545.3258,100,100,100,100,0,0,0,retained
SRR13921545.3259,100,100,63,63,0,37,37,discarded_too_short
SRR13921545.3260,100,100,100,100,0,0,0,retained
SRR13921545.3261,100,100,100,100,0,0,0,retained
SRR13921545.3262,100,100,100,100,0,0,0,retained
SRR13921545.3263,100,100,100,100,0,0,0,retained
SRR13921545.3264,100,100,100,100,0,0,0,retained
SRR13921545.3265,100,100,100,100,0,0,0,retained
SRR13921545.3266,100,100,100,100,0,0,0,retained
SRR13921545.3267,100,100,100,100,0,0,0,retained
SRR13921545.3268,100,100,100,100,0,0,0,retained
SRR13921545.3269,100,100,100,100,0,0,0,retained
SRR13921545.3270,100,100,100,100,0,0,0,retained
SRR13921545.3271,100,100,100,100,0,0,0,retained
SRR13921545.3272,100,100,100,100,0,0,0,retained
SRR13921545.3273,100,100,100,100,0,0,0,retained
SRR13921545.3274,100,100,100,100,0,0,0,retained
SRR13921545.3275,100,100,100,100,0,0,0,retained
SRR13921545.3276,100,100,100,100,0,0,0,retained
SRR13921545.3277,100,100,100,100,0,0,0,retained
SRR13921545.3278,100,100,100,100,0,0,0,retained
SRR13921545.3279,100,99,99,99,1,0,1,retained
SRR13921545.3280,100,100,100,100,0,0,0,retained
SRR13921545.3281,100,100,100,100,0,0,0,retained
SRR13921545.3282,100,100,100,100,0,0,0,retained
SRR13921545.3283,100,100,100,100,0,0,0,retained
SRR13921545.3284,100,100,100,100,0,0,0,retained
SRR13921545.3285,100,100,100,100,0,0,0,retained
SRR13921545.3286,100,100,100,100,0,0,0,retained
SRR13921545.3287,100,100,100,100,0,0,0,retained
SRR13921545.3288,100,100,100,100,0,0,0,retained
SRR13921545.3289,100,100,100,100,0,0,0,retained
SRR13921545.3290,100,100,100,100,0,0,0,retained
SRR13921545.3291,100,100,100,100,0,0,0,retained
SRR13921545.3292,100,100,100,100,0,0,0,retained
SRR13921545.3293,100,100,100,100,0,0,0,retained
SRR13921545.3294,100,100,100,100,0,0,0,retained
SRR13921545.3295,100,100,100,100,0,0,0,retained
SRR13921545.3296,100,100,100,100,0,0,0,retained
SRR13921545.3297,100,100,100,100,0,0,0,retained
SRR13921545.3298,100,100,100,100,0,0,0,retained
SRR13921545.3299,100,100,100,100,0,0,0,retained
SRR13921545.3300,100,100,100,100,0,0,0,retained
SRR13921545.3301,100,100,100,100,0,0,0,retained
SRR13921545.3302,100,100,100,100,0,0,0,retained
SRR13921545.3303,100,100,100,100,0,0,0,retained
SRR13921545.3304,100,100,100,100,0,0,0,retained
SRR13921545.3305,100,100,100,100,0,0,0,retained
SRR13921545.3306,100,100,100,100,0,0,0,retained
SRR13921545.3307,100,100,100,100,0,0,0,retained
SRR13921545.3308,100,100,100,100,0,0,0,retained
SRR13921545.3309,100,100,100,100,0,0,0,retained
SRR13921545.3310,100,100,100,100,0,0,0,retained
SRR13921545.3311,100,100,100,100,0,0,0,retained
SRR13921545.3312,100,100,100,100,0,0,0,retained
SRR13921545.3313,100,100,100,100,0,0,0,retained
SRR13921545.3314,100,100,100,100,0,0,0,retained
SRR13921545.3315,100,100,100,100,0,0,0,retained
SRR13921545.3316,100,100,100,100,0,0,0,retained
SRR13921545.3317,100,100,100,100,0,0,0,retained
SRR13921545.3318,100,100,100,100,0,0,0,retained
SRR13921545.3319,100,100,100,100,0,0,0,retained
SRR13921545.3320,100,100,100,100,0,0,0,retained
SRR13921545.3321,100,100,100,100,0,0,0,retained
SRR13921545.3322,100,100,100,100,0,0,0,retained
SRR13921545.3323,100,100,100,100,0,0,0,retained
SRR13921545.3324,100,100,100,100,0,0,0,retained
SRR13921545.3325,100,100,100,100,0,0,0,retained
SRR13921545.3326,100,100,100,100,0,0,0,retained
SRR13921545.3327,100,100,100,100,0,0,0,retained
SRR13921545.3328,100,100,100,100,0,0,0,retained
SRR13921545.3329,100,100,100,100,0,0,0,retained
SRR13921545.3330,100,100,100,100,0,0,0,retained
SRR13921545.3331,100,100,100,100,0,0,0,retained
SRR13921545.3332,100,100,100,100,0,0,0,retained
SRR13921545.3333,100,100,100,100,0,0,0,retained
SRR13921545.3334,100,100,100,100,0,0,0,retained
SRR13921545.3335,100,100,100,100,0,0,0,retained
SRR13921545.3336,100,100,100,100,0,0,0,retained
SRR13921545.3337,100,100,100,100,0,0,0,retained
SRR13921545.3338,100,100,100,100,0,0,0,retained
SRR13921545.3339,100,100,100,100,0,0,0,retained
SRR13921545.3340,100,100,100,100,0,0,0,retained
SRR13921545.3341,100,100,100,100,0,0,0,retained
SRR13921545.3342,100,100,100,100,0,0,0,retained
SRR13921545.3343,100,100,100,100,0,0,0,retained
SRR13921545.3344,100,100,100,100,0,0,0,retained
SRR13921545.3345,100,100,100,100,0,0,0,retained
SRR13921545.3346,100,100,100,100,0,0,0,retained
SRR13921545.3347,100,100,100,100,0,0,0,retained
SRR13921545.3348,100,100,100,100,0,0,0,retained
SRR13921545.3349,100,100,100,100,0,0,0,retained
SRR13921545.3350,100,100,100,100,0,0,0,retained
SRR13921545.3351,100,100,100,100,0,0,0,retained
SRR13921545.3352,100,97,97,97,3,0,3,retained
SRR13921545.3353,100,100,100,100,0,0,0,retained
SRR13921545.3354,100,100,100,100,0,0,0,retained
SRR13921545.3355,100,100,100,100,0,0,0,retained
SRR13921545.3356,100,100,100,100,0,0,0,retained
SRR13921545.3357,100,100,100,100,0,0,0,retained
SRR13921545.3358,100,100,69,69,0,31,31,discarded_too_short
SRR13921545.3359,100,100,100,100,0,0,0,retained
SRR13921545.3360,100,100,100,100,0,0,0,retained
SRR13921545.3361,100,100,100,100,0,0,0,retained
SRR13921545.3362,100,100,100,100,0,0,0,retained
SRR13921545.3363,100,100,100,100,0,0,0,retained
SRR13921545.3364,100,100,100,100,0,0,0,retained
SRR13921545.3365,100,100,81,81,0,19,19,retained
SRR13921545.3366,100,100,100,100,0,0,0,retained
SRR13921545.3367,100,100,100,100,0,0,0,retained
SRR13921545.3368,100,100,100,100,0,0,0,retained
SRR13921545.3369,100,100,100,100,0,0,0,retained
SRR13921545.3370,100,100,100,100,0,0,0,retained
SRR13921545.3371,100,100,100,100,0,0,0,retained
SRR13921545.3372,100,100,100,100,0,0,0,retained
SRR13921545.3373,100,100,100,100,0,0,0,retained
SRR13921545.3374,100,100,100,100,0,0,0,retained
SRR13921545.3375,100,100,100,100,0,0,0,retained
SRR13921545.3376,100,100,100,100,0,0,0,retained
SRR13921545.3377,100,100,100,100,0,0,0,retained
SRR13921545.3378,100,100,100,100,0,0,0,retained
SRR13921545.3379,100,100,100,100,0,0,0,retained
SRR13921545.3380,100,100,100,100,0,0,0,retained
SRR13921545.3381,100,100,100,100,0,0,0,retained
SRR13921545.3382,100,100,100,100,0,0,0,retained
SRR13921545.3383,100,100,100,100,0,0,0,retained
SRR13921545.3384,100,100,100,100,0,0,0,retained
SRR13921545.3385,100,100,100,100,0,0,0,retained
SRR13921545.3386,100,100,100,100,0,0,0,retained
SRR13921545.3387,100,100,100,100,0,0,0,retained
SRR13921545.3388,100,100,100,100,0,0,0,retained
SRR13921545.3389,100,100,100,100,0,0,0,retained
SRR13921545.3390,100,100,100,100,0,0,0,retained
SRR13921545.3391,100,100,100,100,0,0,0,retained
SRR13921545.3392,100,100,100,100,0,0,0,retained
SRR13921545.3393,100,100,100,100,0,0,0,retained
SRR13921545.3394,100,100,100,100,0,0,0,retained
SRR13921545.3395,100,100,100,100,0,0,0,retained
SRR13921545.3396,100,100,100,100,0,0,0,retained
SRR13921545.3397,100,100,100,100,0,0,0,retained
SRR13921545.3398,100,100,100,100,0,0,0,retained
SRR13921545.3399,100,100,100,100,0,0,0,retained
SRR13921545.3400,100,100,100,100,0,0,0,retained
SRR13921545.3401,100,100,100,100,0,0,0,retained
SRR13921545.3402,100,100,100,100,0,0,0,retained
SRR13921545.3403,100,100,100,100,0,0,0,retained
SRR13921545.3404,100,100,100,100,0,0,0,retained
SRR13921545.3405,100,100,100,100,0,0,0,retained
SRR13921545.3406,100,100,100,100,0,0,0,retained
SRR13921545.3407,100,100,100,100,0,0,0,retained
SRR13921545.3408,100,100,100,100,0,0,0,retained
SRR13921545.3409,100,100,100,100,0,0,0,retained
SRR13921545.3410,100,100,100,100,0,0,0,retained
SRR13921545.3411,100,100,100,100,0,0,0,retained
SRR13921545.3412,100,100,100,100,0,0,0,retained
SRR13921545.3413,100,100,100,100,0,0,0,retained
SRR13921545.3414,100,100,100,100,0,0,0,retained
SRR13921545.3415,100,100,100,100,0,0,0,retained
SRR13921545.3416,100,100,100,100,0,0,0,retained
SRR13921545.3417,100,100,100,100,0,0,0,retained
SRR13921545.3418,100,100,100,100,0,0,0,retained
SRR13921545.3419,100,100,100,100,0,0,0,retained
SRR13921545.3420,100,100,100,100,0,0,0,retained
SRR13921545.3421,100,100,100,100,0,0,0,retained
SRR13921545.3422,100,100,100,100,0,0,0,retained
SRR13921545.3423,100,100,100,100,0,0,0,retained
SRR13921545.3424,100,100,100,100,0,0,0,retained
SRR13921545.3425,100,100,100,100,0,0,0,retained
SRR13921545.3426,100,100,100,100,0,0,0,retained
SRR13921545.3427,100,100,100,100,0,0,0,retained
SRR13921545.3428,100,100,100,100,0,0,0,retained
SRR13921545.3429,100,99,99,99,1,0,1,retained
SRR13921545.3430,100,100,100,100,0,0,0,retained
SRR13921545.3431,100,100,100,100,0,0,0,retained
SRR13921545.3432,100,100,100,100,0,0,0,retained
SRR13921545.3433,100,100,100,100,0,0,0,retained
SRR13921545.3434,100,100,100,100,0,0,0,retained
SRR13921545.3435,100,99,99,99,1,0,1,retained
SRR13921545.3436,100,100,100,100,0,0,0,retained
SRR13921545.3437,100,100,100,100,0,0,0,retained
SRR13921545.3438,100,100,100,100,0,0,0,retained
SRR13921545.3439,100,100,100,100,0,0,0,retained
SRR13921545.3440,100,100,100,100,0,0,0,retained
SRR13921545.3441,100,100,100,100,0,0,0,retained
SRR13921545.3442,100,100,100,100,0,0,0,retained
SRR13921545.3443,100,100,100,100,0,0,0,retained
SRR13921545.3444,100,100,100,100,0,0,0,retained
SRR13921545.3445,100,100,100,100,0,0,0,retained
SRR13921545.3446,100,100,100,100,0,0,0,retained
SRR13921545.3447,100,100,100,100,0,0,0,retained
SRR13921545.3448,100,100,100,100,0,0,0,retained
SRR13921545.3449,100,100,100,100,0,0,0,retained
SRR13921545.3450,100,100,100,100,0,0,0,retained
SRR13921545.3451,100,100,100,100,0,0,0,retained
SRR13921545.3452,100,100,100,100,0,0,0,retained
SRR13921545.3453,100,100,100,100,0,0,0,retained
SRR13921545.3454,100,100,100,100,0,0,0,retained
SRR13921545.3455,100,100,100,100,0,0,0,retained
SRR13921545.3456,100,100,100,100,0,0,0,retained
SRR13921545.3457,100,100,100,100,0,0,0,retained
SRR13921545.3458,100,100,100,100,0,0,0,retained
SRR13921545.3459,100,100,100,100,0,0,0,retained
SRR13921545.3460,100,100,100,100,0,0,0,retained
SRR13921545.3461,100,100,100,100,0,0,0,retained
SRR13921545.3462,100,100,100,100,0,0,0,retained
SRR13921545.3463,100,100,100,100,0,0,0,retained
SRR13921545.3464,100,100,100,100,0,0,0,retained
SRR13921545.3465,100,100,100,100,0,0,0,retained
SRR13921545.3466,100,100,100,100,0,0,0,retained
SRR13921545.3467,100,100,100,100,0,0,0,retained
SRR13921545.3468,100,100,100,100,0,0,0,retained
SRR13921545.3469,100,100,100,100,0,0,0,retained
SRR13921545.3470,100,100,100,100,0,0,0,retained
SRR13921545.3471,100,100,100,100,0,0,0,retained
SRR13921545.3472,100,100,100,100,0,0,0,retained
SRR13921545.3473,100,100,100,100,0,0,0,retained
SRR13921545.3474,100,100,100,100,0,0,0,retained
SRR13921545.3475,100,100,100,100,0,0,0,retained
SRR13921545.3476,100,100,100,100,0,0,0,retained
SRR13921545.3477,100,100,100,100,0,0,0,retained
SRR13921545.3478,100,100,100,100,0,0,0,retained
SRR13921545.3479,100,100,100,100,0,0,0,retained
SRR13921545.3480,100,100,100,100,0,0,0,retained
SRR13921545.3481,100,100,100,100,0,0,0,retained
SRR13921545.3482,100,100,100,100,0,0,0,retained
SRR13921545.3483,100,100,100,100,0,0,0,retained
SRR13921545.3484,100,100,100,100,0,0,0,retained
SRR13921545.3485,100,100,100,100,0,0,0,retained
SRR13921545.3486,100,100,100,100,0,0,0,retained
SRR13921545.3487,100,100,100,100,0,0,0,retained
SRR13921545.3488,100,100,100,100,0,0,0,retained
SRR13921545.3489,100,100,100,100,0,0,0,retained
SRR13921545.3490,100,100,100,100,0,0,0,retained
SRR13921545.3491,100,100,100,100,0,0,0,retained
SRR13921545.3492,100,100,100,100,0,0,0,retained
SRR13921545.3493,100,100,100,100,0,0,0,retained
SRR13921545.3494,100,100,100,100,0,0,0,retained
SRR13921545.3495,100,100,100,100,0,0,0,retained
SRR13921545.3496,100,100,100,100,0,0,0,retained
SRR13921545.3497,100,100,100,100,0,0,0,retained
SRR13921545.3498,100,100,100,100,0,0,0,retained
SRR13921545.3499,100,100,100,100,0,0,0,retained
SRR13921545.3500,100,100,100,100,0,0,0,retained
SRR13921545.3501,100,100,100,100,0,0,0,retained
SRR13921545.3502,100,100,100,100,0,0,0,retained
SRR13921545.3503,100,100,100,100,0,0,0,retained
SRR13921545.3504,100,100,100,100,0,0,0,retained
SRR13921545.3505,100,100,100,100,0,0,0,retained
SRR13921545.3506,100,100,100,100,0,0,0,retained
SRR13921545.3507,100,100,100,100,0,0,0,retained
SRR13921545.3508,100,100,100,100,0,0,0,retained
SRR13921545.3509,100,100,100,100,0,0,0,retained
SRR13921545.3510,100,100,100,100,0,0,0,retained
SRR13921545.3511,100,100,100,100,0,0,0,retained
SRR13921545.3512,100,100,100,100,0,0,0,retained
SRR13921545.3513,100,100,100,100,0,0,0,retained
SRR13921545.3514,100,100,100,100,0,0,0,retained
SRR13921545.3515,100,100,100,100,0,0,0,retained
SRR13921545.3516,100,100,100,100,0,0,0,retained
SRR13921545.3517,100,100,100,100,0,0,0,retained
SRR13921545.3518,100,100,100,100,0,0,0,retained
SRR13921545.3519,100,100,100,100,0,0,0,retained
SRR13921545.3520,100,100,100,100,0,0,0,retained
SRR13921545.3521,100,100,100,100,0,0,0,retained
SRR13921545.3522,100,100,100,100,0,0,0,retained
SRR13921545.3523,100,100,100,100,0,0,0,retained
SRR13921545.3524,100,100,100,100,0,0,0,retained
SRR13921545.3525,100,100,100,100,0,0,0,retained
SRR13921545.3526,100,100,100,100,0,0,0,retained
SRR13921545.3527,100,100,100,100,0,0,0,retained
SRR13921545.3528,100,100,100,100,0,0,0,retained
SRR13921545.3529,100,100,100,100,0,0,0,retained
SRR13921545.3530,100,100,100,100,0,0,0,retained
SRR13921545.3531,100,100,100,100,0,0,0,retained
SRR13921545.3532,100,100,100,100,0,0,0,retained
SRR13921545.3533,100,100,100,100,0,0,0,retained
SRR13921545.3534,100,100,100,100,0,0,0,retained
SRR13921545.3535,100,100,100,100,0,0,0,retained
SRR13921545.3536,100,100,100,100,0,0,0,retained
SRR13921545.3537,100,100,100,100,0,0,0,retained
SRR13921545.3538,100,100,100,100,0,0,0,retained
SRR13921545.3539,100,100,100,100,0,0,0,retained
SRR13921545.3540,100,100,100,100,0,0,0,retained
SRR13921545.3541,100,100,100,100,0,0,0,retained
SRR13921545.3542,100,100,100,100,0,0,0,retained
SRR13921545.3543,100,100,100,100,0,0,0,retained
SRR13921545.3544,100,100,100,100,0,0,0,retained
SRR13921545.3545,100,100,100,100,0,0,0,retained
SRR13921545.3546,100,100,100,100,0,0,0,retained
SRR13921545.3547,100,100,100,100,0,0,0,retained
SRR13921545.3548,100,100,100,100,0,0,0,retained
SRR13921545.3549,100,99,99,99,1,0,1,retained
SRR13921545.3550,100,100,100,100,0,0,0,retained
SRR13921545.3551,100,100,100,100,0,0,0,retained
SRR13921545.3552,100,100,100,100,0,0,0,retained
SRR13921545.3553,100,100,100,100,0,0,0,retained
SRR13921545.3554,100,100,100,100,0,0,0,retained
SRR13921545.3555,100,100,100,100,0,0,0,retained
SRR13921545.3556,100,100,100,100,0,0,0,retained
SRR13921545.3557,100,100,100,100,0,0,0,retained
SRR13921545.3558,100,100,100,100,0,0,0,retained
SRR13921545.3559,100,100,100,100,0,0,0,retained
SRR13921545.3560,100,100,100,100,0,0,0,retained
SRR13921545.3561,100,100,100,100,0,0,0,retained
SRR13921545.3562,100,100,100,100,0,0,0,retained
SRR13921545.3563,100,100,100,100,0,0,0,retained
SRR13921545.3564,100,100,100,100,0,0,0,retained
SRR13921545.3565,100,100,100,100,0,0,0,retained
SRR13921545.3566,100,100,100,100,0,0,0,retained
SRR13921545.3567,100,100,100,100,0,0,0,retained
SRR13921545.3568,100,100,100,100,0,0,0,retained
SRR13921545.3569,100,100,100,100,0,0,0,retained
SRR13921545.3570,100,100,100,100,0,0,0,retained
SRR13921545.3571,100,100,100,100,0,0,0,retained
SRR13921545.3572,100,100,100,100,0,0,0,retained
SRR13921545.3573,100,100,100,100,0,0,0,retained
SRR13921545.3574,100,100,100,100,0,0,0,retained
SRR13921545.3575,100,100,100,100,0,0,0,retained
SRR13921545.3576,100,100,100,100,0,0,0,retained
SRR13921545.3577,100,100,100,100,0,0,0,retained
SRR13921545.3578,100,100,100,100,0,0,0,retained
SRR13921545.3579,100,100,100,100,0,0,0,retained
SRR13921545.3580,100,100,100,100,0,0,0,retained
SRR13921545.3581,100,100,100,100,0,0,0,retained
SRR13921545.3582,100,100,100,100,0,0,0,retained
SRR13921545.3583,100,100,100,100,0,0,0,retained
SRR13921545.3584,100,100,100,100,0,0,0,retained
SRR13921545.3585,100,100,100,100,0,0,0,retained
SRR13921545.3586,100,100,100,100,0,0,0,retained
SRR13921545.3587,100,100,100,100,0,0,0,retained
SRR13921545.3588,100,100,100,100,0,0,0,retained
SRR13921545.3589,100,100,100,100,0,0,0,retained
SRR13921545.3590,100,100,100,100,0,0,0,retained
SRR13921545.3591,100,100,100,100,0,0,0,retained
SRR13921545.3592,100,100,100,100,0,0,0,retained
SRR13921545.3593,100,100,100,100,0,0,0,retained
SRR13921545.3594,100,100,100,100,0,0,0,retained
SRR13921545.3595,100,100,100,100,0,0,0,retained
SRR13921545.3596,100,100,100,100,0,0,0,retained
SRR13921545.3597,100,100,100,100,0,0,0,retained
SRR13921545.3598,100,100,100,100,0,0,0,retained
SRR13921545.3599,100,100,100,100,0,0,0,retained
SRR13921545.3600,100,100,100,100,0,0,0,retained
SRR13921545.3601,100,100,100,100,0,0,0,retained
SRR13921545.3602,100,100,100,100,0,0,0,retained
SRR13921545.3603,100,100,100,100,0,0,0,retained
SRR13921545.3604,100,100,100,100,0,0,0,retained
SRR13921545.3605,100,100,100,100,0,0,0,retained
SRR13921545.3606,100,100,100,100,0,0,0,retained
SRR13921545.3607,100,100,100,100,0,0,0,retained
SRR13921545.3608,100,100,100,100,0,0,0,retained
SRR13921545.3609,100,100,100,100,0,0,0,retained
SRR13921545.3610,100,100,100,100,0,0,0,retained
SRR13921545.3611,100,100,100,100,0,0,0,retained
SRR13921545.3612,100,100,100,100,0,0,0,retained
SRR13921545.3613,100,100,100,100,0,0,0,retained
SRR13921545.3614,100,100,100,100,0,0,0,retained
SRR13921545.3615,100,100,100,100,0,0,0,retained
SRR13921545.3616,100,100,100,100,0,0,0,retained
SRR13921545.3617,100,100,100,100,0,0,0,retained
SRR13921545.3618,100,100,100,100,0,0,0,retained
SRR13921545.3619,100,100,100,100,0,0,0,retained
SRR13921545.3620,100,100,100,100,0,0,0,retained
SRR13921545.3621,100,100,100,100,0,0,0,retained
SRR13921545.3622,100,100,100,100,0,0,0,retained
SRR13921545.3623,100,100,100,100,0,0,0,retained
SRR13921545.3624,100,100,100,100,0,0,0,retained
SRR13921545.3625,100,100,100,100,0,0,0,retained
SRR13921545.3626,100,100,100,100,0,0,0,retained
SRR13921545.3627,100,100,100,100,0,0,0,retained
SRR13921545.3628,100,100,100,100,0,0,0,retained
SRR13921545.3629,100,100,100,100,0,0,0,retained
SRR13921545.3630,100,100,100,100,0,0,0,retained
SRR13921545.3631,100,100,100,100,0,0,0,retained
SRR13921545.3632,100,100,100,100,0,0,0,retained
SRR13921545.3633,100,100,100,100,0,0,0,retained
SRR13921545.3634,100,100,100,100,0,0,0,retained
SRR13921545.3635,100,100,100,100,0,0,0,retained
SRR13921545.3636,100,100,100,100,0,0,0,retained
SRR13921545.3637,100,100,100,100,0,0,0,retained
SRR13921545.3638,100,100,100,100,0,0,0,retained
SRR13921545.3639,100,100,100,100,0,0,0,retained
SRR13921545.3640,100,100,100,100,0,0,0,retained
SRR13921545.3641,100,100,100,100,0,0,0,retained
SRR13921545.3642,100,100,100,100,0,0,0,retained
SRR13921545.3643,100,100,100,100,0,0,0,retained
SRR13921545.3644,100,100,100,100,0,0,0,retained
SRR13921545.3645,100,100,100,100,0,0,0,retained
SRR13921545.3646,100,100,100,100,0,0,0,retained
SRR13921545.3647,100,100,100,100,0,0,0,retained
SRR13921545.3648,100,100,100,100,0,0,0,retained
SRR13921545.3649,100,100,100,100,0,0,0,retained
SRR13921545.3650,100,100,100,100,0,0,0,retained
SRR13921545.3651,100,100,100,100,0,0,0,retained
SRR13921545.3652,100,100,100,100,0,0,0,retained
SRR13921545.3653,100,100,100,100,0,0,0,retained
SRR13921545.3654,100,100,100,100,0,0,0,retained
SRR13921545.3655,100,100,100,100,0,0,0,retained
SRR13921545.3656,100,100,100,100,0,0,0,retained
SRR13921545.3657,100,100,100,100,0,0,0,retained
SRR13921545.3658,100,100,100,100,0,0,0,retained
SRR13921545.3659,100,100,100,100,0,0,0,retained
SRR13921545.3660,100,100,100,100,0,0,0,retained
SRR13921545.3661,100,100,100,100,0,0,0,retained
SRR13921545.3662,100,100,100,100,0,0,0,retained
SRR13921545.3663,100,100,100,100,0,0,0,retained
SRR13921545.3664,100,100,100,100,0,0,0,retained
SRR13921545.3665,100,100,100,100,0,0,0,retained
SRR13921545.3666,100,100,100,100,0,0,0,retained
SRR13921545.3667,100,100,100,100,0,0,0,retained
SRR13921545.3668,100,100,100,100,0,0,0,retained
SRR13921545.3669,100,100,100,100,0,0,0,retained
SRR13921545.3670,100,100,100,100,0,0,0,retained
SRR13921545.3671,100,100,100,100,0,0,0,retained
SRR13921545.3672,100,100,100,100,0,0,0,retained
SRR13921545.3673,100,100,100,100,0,0,0,retained
SRR13921545.3674,100,100,100,100,0,0,0,retained
SRR13921545.3675,100,100,100,100,0,0,0,retained
SRR13921545.3676,100,100,100,100,0,0,0,retained
SRR13921545.3677,100,100,100,100,0,0,0,retained
SRR13921545.3678,100,100,100,100,0,0,0,retained
SRR13921545.3679,100,100,100,100,0,0,0,retained
SRR13921545.3680,100,100,100,100,0,0,0,retained
SRR13921545.3681,100,100,100,100,0,0,0,retained
SRR13921545.3682,100,100,100,100,0,0,0,retained
SRR13921545.3683,100,100,100,100,0,0,0,retained
SRR13921545.3684,100,100,100,100,0,0,0,retained
SRR13921545.3685,100,100,100,100,0,0,0,retained
SRR13921545.3686,100,100,100,100,0,0,0,retained
SRR13921545.3687,100,100,100,100,0,0,0,retained
SRR13921545.3688,100,100,100,100,0,0,0,retained
SRR13921545.3689,100,100,100,100,0,0,0,retained
SRR13921545.3690,100,100,100,100,0,0,0,retained
SRR13921545.3691,100,100,100,100,0,0,0,retained
SRR13921545.3692,100,100,100,100,0,0,0,retained
SRR13921545.3693,100,100,100,100,0,0,0,retained
SRR13921545.3694,100,100,100,100,0,0,0,retained
SRR13921545.3695,100,100,100,100,0,0,0,retained
SRR13921545.3696,100,100,100,100,0,0,0,retained
SRR13921545.3697,100,100,100,100,0,0,0,retained
SRR13921545.3698,100,100,100,100,0,0,0,retained
SRR13921545.3699,100,100,100,100,0,0,0,retained
SRR13921545.3700,100,100,100,100,0,0,0,retained
SRR13921545.3701,100,100,100,100,0,0,0,retained
SRR13921545.3702,100,100,100,100,0,0,0,retained
SRR13921545.3703,100,100,100,100,0,0,0,retained
SRR13921545.3704,100,100,100,100,0,0,0,retained
SRR13921545.3705,100,100,100,100,0,0,0,retained
SRR13921545.3706,100,100,100,100,0,0,0,retained
SRR13921545.3707,100,100,100,100,0,0,0,retained
SRR13921545.3708,100,100,100,100,0,0,0,retained
SRR13921545.3709,100,100,100,100,0,0,0,retained
SRR13921545.3710,100,100,100,100,0,0,0,retained
SRR13921545.3711,100,100,100,100,0,0,0,retained
SRR13921545.3712,100,100,100,100,0,0,0,retained
SRR13921545.3713,100,100,100,100,0,0,0,retained
SRR13921545.3714,100,100,100,100,0,0,0,retained
SRR13921545.3715,100,100,100,100,0,0,0,retained
SRR13921545.3716,100,100,100,100,0,0,0,retained
SRR13921545.3717,100,100,100,100,0,0,0,retained
SRR13921545.3718,100,100,100,100,0,0,0,retained
SRR13921545.3719,100,100,100,100,0,0,0,retained
SRR13921545.3720,100,100,100,100,0,0,0,retained
SRR13921545.3721,100,100,100,100,0,0,0,retained
SRR13921545.3722,100,100,100,100,0,0,0,retained
SRR13921545.3723,100,100,100,100,0,0,0,retained
SRR13921545.3724,100,100,100,100,0,0,0,retained
SRR13921545.3725,100,100,100,100,0,0,0,retained
SRR13921545.3726,100,100,100,100,0,0,0,retained
SRR13921545.3727,100,100,100,100,0,0,0,retained
SRR13921545.3728,100,100,100,100,0,0,0,retained
SRR13921545.3729,100,100,100,100,0,0,0,retained
SRR13921545.3730,100,100,100,100,0,0,0,retained
SRR13921545.3731,100,100,100,100,0,0,0,retained
SRR13921545.3732,100,100,100,100,0,0,0,retained
SRR13921545.3733,100,100,100,100,0,0,0,retained
SRR13921545.3734,100,100,100,100,0,0,0,retained
SRR13921545.3735,100,100,100,100,0,0,0,retained
SRR13921545.3736,100,100,100,100,0,0,0,retained
SRR13921545.3737,100,100,100,100,0,0,0,retained
SRR13921545.3738,100,100,100,100,0,0,0,retained
SRR13921545.3739,100,100,100,100,0,0,0,retained
SRR13921545.3740,100,100,100,100,0,0,0,retained
SRR13921545.3741,100,100,100,100,0,0,0,retained
SRR13921545.3742,100,100,100,100,0,0,0,retained
SRR13921545.3743,100,100,100,100,0,0,0,retained
SRR13921545.3744,100,100,100,100,0,0,0,retained
SRR13921545.3745,100,100,100,100,0,0,0,retained
SRR13921545.3746,100,100,100,100,0,0,0,retained
SRR13921545.3747,100,100,100,100,0,0,0,retained
SRR13921545.3748,100,100,100,100,0,0,0,retained
SRR13921545.3749,100,100,100,100,0,0,0,retained
SRR13921545.3750,100,100,100,100,0,0,0,retained
SRR13921545.3751,100,100,100,100,0,0,0,retained
SRR13921545.3752,100,100,100,100,0,0,0,retained
SRR13921545.3753,100,100,100,100,0,0,0,retained
SRR13921545.3754,100,100,100,100,0,0,0,retained
SRR13921545.3755,100,100,100,100,0,0,0,retained
SRR13921545.3756,100,100,100,100,0,0,0,retained
SRR13921545.3757,100,100,100,100,0,0,0,retained
SRR13921545.3758,100,100,100,100,0,0,0,retained
SRR13921545.3759,100,100,63,63,0,37,37,discarded_too_short
SRR13921545.3760,100,100,100,100,0,0,0,retained
SRR13921545.3761,100,100,100,100,0,0,0,retained
SRR13921545.3762,100,100,100,100,0,0,0,retained
SRR13921545.3763,100,100,100,100,0,0,0,retained
SRR13921545.3764,100,100,100,100,0,0,0,retained
SRR13921545.3765,100,100,100,100,0,0,0,retained
SRR13921545.3766,100,100,100,100,0,0,0,retained
SRR13921545.3767,100,100,100,100,0,0,0,retained
SRR13921545.3768,100,100,100,100,0,0,0,retained
SRR13921545.3769,100,100,100,100,0,0,0,retained
SRR13921545.3770,100,100,100,100,0,0,0,retained
SRR13921545.3771,100,100,100,100,0,0,0,retained
SRR13921545.3772,100,100,100,100,0,0,0,retained
SRR13921545.3773,100,100,100,100,0,0,0,retained
SRR13921545.3774,100,100,100,100,0,0,0,retained
SRR13921545.3775,100,100,100,100,0,0,0,retained
SRR13921545.3776,100,100,100,100,0,0,0,retained
SRR13921545.3777,100,100,100,100,0,0,0,retained
SRR13921545.3778,100,100,100,100,0,0,0,retained
SRR13921545.3779,100,100,100,100,0,0,0,retained
SRR13921545.3780,100,100,100,100,0,0,0,retained
SRR13921545.3781,100,100,100,100,0,0,0,retained
SRR13921545.3782,100,100,100,100,0,0,0,retained
SRR13921545.3783,100,100,100,100,0,0,0,retained
SRR13921545.3784,100,99,99,99,1,0,1,retained
SRR13921545.3785,100,100,100,100,0,0,0,retained
SRR13921545.3786,100,100,100,100,0,0,0,retained
SRR13921545.3787,100,100,100,100,0,0,0,retained
SRR13921545.3788,100,100,100,100,0,0,0,retained
SRR13921545.3789,100,100,100,100,0,0,0,retained
SRR13921545.3790,100,100,100,100,0,0,0,retained
SRR13921545.3791,100,100,100,100,0,0,0,retained
SRR13921545.3792,100,100,100,100,0,0,0,retained
SRR13921545.3793,100,100,100,100,0,0,0,retained
SRR13921545.3794,100,100,100,100,0,0,0,retained
SRR13921545.3795,100,100,100,100,0,0,0,retained
SRR13921545.3796,100,100,100,100,0,0,0,retained
SRR13921545.3797,100,100,100,100,0,0,0,retained
SRR13921545.3798,100,100,100,100,0,0,0,retained
SRR13921545.3799,100,100,100,100,0,0,0,retained
SRR13921545.3800,100,100,100,100,0,0,0,retained
SRR13921545.3801,100,100,100,100,0,0,0,retained
SRR13921545.3802,100,100,100,100,0,0,0,retained
SRR13921545.3803,100,100,100,100,0,0,0,retained
SRR13921545.3804,100,100,100,100,0,0,0,retained
SRR13921545.3805,100,100,100,100,0,0,0,retained
SRR13921545.3806,100,100,100,100,0,0,0,retained
SRR13921545.3807,100,100,100,100,0,0,0,retained
SRR13921545.3808,100,100,100,100,0,0,0,retained
SRR13921545.3809,100,100,100,100,0,0,0,retained
SRR13921545.3810,100,100,100,100,0,0,0,retained
SRR13921545.3811,100,100,100,100,0,0,0,retained
SRR13921545.3812,100,100,100,100,0,0,0,retained
SRR13921545.3813,100,100,100,100,0,0,0,retained
SRR13921545.3814,100,100,100,100,0,0,0,retained
SRR13921545.3815,100,100,100,100,0,0,0,retained
SRR13921545.3816,100,100,100,100,0,0,0,retained
SRR13921545.3817,100,100,100,100,0,0,0,retained
SRR13921545.3818,100,100,100,100,0,0,0,retained
SRR13921545.3819,100,100,100,100,0,0,0,retained
SRR13921545.3820,100,100,100,100,0,0,0,retained
SRR13921545.3821,100,100,100,100,0,0,0,retained
SRR13921545.3822,100,100,100,100,0,0,0,retained
SRR13921545.3823,100,100,100,100,0,0,0,retained
SRR13921545.3824,100,100,100,100,0,0,0,retained
SRR13921545.3825,100,100,100,100,0,0,0,retained
SRR13921545.3826,100,100,100,100,0,0,0,retained
SRR13921545.3827,100,100,100,100,0,0,0,retained
SRR13921545.3828,100,100,100,100,0,0,0,retained
SRR13921545.3829,100,100,100,100,0,0,0,retained
SRR13921545.3830,100,100,100,100,0,0,0,retained
SRR13921545.3831,100,100,100,100,0,0,0,retained
SRR13921545.3832,100,100,100,100,0,0,0,retained
SRR13921545.3833,100,100,100,100,0,0,0,retained
SRR13921545.3834,100,100,100,100,0,0,0,retained
SRR13921545.3835,100,100,100,100,0,0,0,retained
SRR13921545.3836,100,100,100,100,0,0,0,retained
SRR13921545.3837,100,100,100,100,0,0,0,retained
SRR13921545.3838,100,100,100,100,0,0,0,retained
SRR13921545.3839,100,100,100,100,0,0,0,retained
SRR13921545.3840,100,100,100,100,0,0,0,retained
SRR13921545.3841,100,100,100,100,0,0,0,retained
SRR13921545.3842,100,100,100,100,0,0,0,retained
SRR13921545.3843,100,100,100,100,0,0,0,retained
SRR13921545.3844,100,100,100,100,0,0,0,retained
SRR13921545.3845,100,100,100,100,0,0,0,retained
SRR13921545.3846,100,100,100,100,0,0,0,retained
SRR13921545.3847,100,100,100,100,0,0,0,retained
SRR13921545.3848,100,100,100,100,0,0,0,retained
SRR13921545.3849,100,100,100,100,0,0,0,retained
SRR13921545.3850,100,100,100,100,0,0,0,retained
SRR13921545.3851,100,100,100,100,0,0,0,retained
SRR13921545.3852,100,100,100,100,0,0,0,retained
SRR13921545.3853,100,100,100,100,0,0,0,retained
SRR13921545.3854,100,100,100,100,0,0,0,retained
SRR13921545.3855,100,100,100,100,0,0,0,retained
SRR13921545.3856,100,100,100,100,0,0,0,retained
SRR13921545.3857,100,100,100,100,0,0,0,retained
SRR13921545.3858,100,100,100,100,0,0,0,retained
SRR13921545.3859,100,99,99,99,1,0,1,retained
SRR13921545.3860,100,100,100,100,0,0,0,retained
SRR13921545.3861,100,100,100,100,0,0,0,retained
SRR13921545.3862,100,100,100,100,0,0,0,retained
SRR13921545.3863,100,100,100,100,0,0,0,retained
SRR13921545.3864,100,100,100,100,0,0,0,retained
SRR13921545.3865,100,100,100,100,0,0,0,retained
SRR13921545.3866,100,100,100,100,0,0,0,retained
SRR13921545.3867,100,100,100,100,0,0,0,retained
SRR13921545.3868,100,100,100,100,0,0,0,retained
SRR13921545.3869,100,100,100,100,0,0,0,retained
SRR13921545.3870,100,100,100,100,0,0,0,retained
SRR13921545.3871,100,100,100,100,0,0,0,retained
SRR13921545.3872,100,100,100,100,0,0,0,retained
SRR13921545.3873,100,100,100,100,0,0,0,retained
SRR13921545.3874,100,100,100,100,0,0,0,retained
SRR13921545.3875,100,100,100,100,0,0,0,retained
SRR13921545.3876,100,100,100,100,0,0,0,retained
SRR13921545.3877,100,100,100,100,0,0,0,retained
SRR13921545.3878,100,100,100,100,0,0,0,retained
SRR13921545.3879,100,100,100,100,0,0,0,retained
SRR13921545.3880,100,100,100,100,0,0,0,retained
SRR13921545.3881,100,100,100,100,0,0,0,retained
SRR13921545.3882,100,100,100,100,0,0,0,retained
SRR13921545.3883,100,100,74,74,0,26,26,discarded_too_short
SRR13921545.3884,100,100,100,100,0,0,0,retained
SRR13921545.3885,100,100,100,100,0,0,0,retained
SRR13921545.3886,100,100,100,100,0,0,0,retained
SRR13921545.3887,100,100,100,100,0,0,0,retained
SRR13921545.3888,100,100,100,100,0,0,0,retained
SRR13921545.3889,100,100,100,100,0,0,0,retained
SRR13921545.3890,100,100,100,100,0,0,0,retained
SRR13921545.3891,100,100,100,100,0,0,0,retained
SRR13921545.3892,100,100,100,100,0,0,0,retained
SRR13921545.3893,100,100,100,100,0,0,0,retained
SRR13921545.3894,100,100,100,100,0,0,0,retained
SRR13921545.3895,100,100,100,100,0,0,0,retained
SRR13921545.3896,100,100,100,100,0,0,0,retained
SRR13921545.3897,100,100,100,100,0,0,0,retained
SRR13921545.3898,100,100,100,100,0,0,0,retained
SRR13921545.3899,100,100,100,100,0,0,0,retained
SRR13921545.3900,100,100,100,100,0,0,0,retained
SRR13921545.3901,100,100,100,100,0,0,0,retained
SRR13921545.3902,100,100,100,100,0,0,0,retained
SRR13921545.3903,100,100,100,100,0,0,0,retained
SRR13921545.3904,100,100,100,100,0,0,0,retained
SRR13921545.3905,100,100,100,100,0,0,0,retained
SRR13921545.3906,100,100,100,100,0,0,0,retained
SRR13921545.3907,100,100,100,100,0,0,0,retained
SRR13921545.3908,100,100,100,100,0,0,0,retained
SRR13921545.3909,100,100,100,100,0,0,0,retained
SRR13921545.3910,100,100,100,100,0,0,0,retained
SRR13921545.3911,100,100,100,100,0,0,0,retained
SRR13921545.3912,100,100,100,100,0,0,0,retained
SRR13921545.3913,100,100,100,100,0,0,0,retained
SRR13921545.3914,100,100,100,100,0,0,0,retained
SRR13921545.3915,100,100,100,100,0,0,0,retained
SRR13921545.3916,100,100,100,100,0,0,0,retained
SRR13921545.3917,100,100,100,100,0,0,0,retained
SRR13921545.3918,100,100,100,100,0,0,0,retained
SRR13921545.3919,100,100,100,100,0,0,0,retained
SRR13921545.3920,100,100,100,100,0,0,0,retained
SRR13921545.3921,100,100,100,100,0,0,0,retained
SRR13921545.3922,100,100,100,100,0,0,0,retained
SRR13921545.3923,100,100,100,100,0,0,0,retained
SRR13921545.3924,100,100,100,100,0,0,0,retained
SRR13921545.3925,100,100,100,100,0,0,0,retained
SRR13921545.3926,100,100,100,100,0,0,0,retained
SRR13921545.3927,100,100,100,100,0,0,0,retained
SRR13921545.3928,100,100,100,100,0,0,0,retained
SRR13921545.3929,100,100,100,100,0,0,0,retained
SRR13921545.3930,100,100,100,100,0,0,0,retained
SRR13921545.3931,100,100,100,100,0,0,0,retained
SRR13921545.3932,100,100,100,100,0,0,0,retained
SRR13921545.3933,100,100,100,100,0,0,0,retained
SRR13921545.3934,100,100,100,100,0,0,0,retained
SRR13921545.3935,100,100,100,100,0,0,0,retained
SRR13921545.3936,100,100,100,100,0,0,0,retained
SRR13921545.3937,100,100,100,100,0,0,0,retained
SRR13921545.3938,100,100,100,100,0,0,0,retained
SRR13921545.3939,100,100,100,100,0,0,0,retained
SRR13921545.3940,100,100,100,100,0,0,0,retained
SRR13921545.3941,100,100,100,100,0,0,0,retained
SRR13921545.3942,100,100,100,100,0,0,0,retained
SRR13921545.3943,100,100,100,100,0,0,0,retained
SRR13921545.3944,100,100,100,100,0,0,0,retained
SRR13921545.3945,100,100,100,100,0,0,0,retained
SRR13921545.3946,100,100,100,100,0,0,0,retained
SRR13921545.3947,100,100,100,100,0,0,0,retained
SRR13921545.3948,100,100,100,100,0,0,0,retained
SRR13921545.3949,100,100,100,100,0,0,0,retained
SRR13921545.3950,100,100,100,100,0,0,0,retained
SRR13921545.3951,100,100,100,100,0,0,0,retained
SRR13921545.3952,100,100,100,100,0,0,0,retained
SRR13921545.3953,100,100,100,100,0,0,0,retained
SRR13921545.3954,100,100,100,100,0,0,0,retained
SRR13921545.3955,100,100,100,100,0,0,0,retained
SRR13921545.3956,100,100,100,100,0,0,0,retained
SRR13921545.3957,100,100,100,100,0,0,0,retained
SRR13921545.3958,100,100,100,100,0,0,0,retained
SRR13921545.3959,100,100,100,100,0,0,0,retained
SRR13921545.3960,100,100,100,100,0,0,0,retained
SRR13921545.3961,100,100,100,100,0,0,0,retained
SRR13921545.3962,100,100,100,100,0,0,0,retained
SRR13921545.3963,100,100,100,100,0,0,0,retained
SRR13921545.3964,100,100,100,100,0,0,0,retained
SRR13921545.3965,100,100,100,100,0,0,0,retained
SRR13921545.3966,100,100,100,100,0,0,0,retained
SRR13921545.3967,100,100,100,100,0,0,0,retained
SRR13921545.3968,100,100,100,100,0,0,0,retained
SRR13921545.3969,100,100,100,100,0,0,0,retained
SRR13921545.3970,100,100,100,100,0,0,0,retained
SRR13921545.3971,100,100,100,100,0,0,0,retained
SRR13921545.3972,100,100,100,100,0,0,0,retained
SRR13921545.3973,100,100,100,100,0,0,0,retained
SRR13921545.3974,100,100,100,100,0,0,0,retained
SRR13921545.3975,100,100,100,100,0,0,0,retained
SRR13921545.3976,100,100,100,100,0,0,0,retained
SRR13921545.3977,100,100,100,100,0,0,0,retained
SRR13921545.3978,100,100,100,100,0,0,0,retained
SRR13921545.3979,100,100,100,100,0,0,0,retained
SRR13921545.3980,100,100,100,100,0,0,0,retained
SRR13921545.3981,100,100,100,100,0,0,0,retained
SRR13921545.3982,100,100,100,100,0,0,0,retained
SRR13921545.3983,100,100,100,100,0,0,0,retained
SRR13921545.3984,100,100,100,100,0,0,0,retained
SRR13921545.3985,100,100,100,100,0,0,0,retained
SRR13921545.3986,100,100,100,100,0,0,0,retained
SRR13921545.3987,100,100,100,100,0,0,0,retained
SRR13921545.3988,100,100,100,100,0,0,0,retained
SRR13921545.3989,100,100,100,100,0,0,0,retained
SRR13921545.3990,100,100,100,100,0,0,0,retained
SRR13921545.3991,100,100,100,100,0,0,0,retained
SRR13921545.3992,100,100,100,100,0,0,0,retained
SRR13921545.3993,100,100,100,100,0,0,0,retained
SRR13921545.3994,100,100,100,100,0,0,0,retained
SRR13921545.3995,100,100,100,100,0,0,0,retained
SRR13921545.3996,100,100,100,100,0,0,0,retained
SRR13921545.3997,100,100,100,100,0,0,0,retained
SRR13921545.3998,100,100,100,100,0,0,0,retained
SRR13921545.3999,100,100,100,100,0,0,0,retained
SRR13921545.4000,100,100,100,100,0,0,0,retained
SRR13921545.4001,100,100,100,100,0,0,0,retained
SRR13921545.4002,100,100,100,100,0,0,0,retained
SRR13921545.4003,100,100,100,100,0,0,0,retained
SRR13921545.4004,100,100,100,100,0,0,0,retained
SRR13921545.4005,100,100,100,100,0,0,0,retained
SRR13921545.4006,100,100,100,100,0,0,0,retained
SRR13921545.4007,100,100,100,100,0,0,0,retained
SRR13921545.4008,100,100,100,100,0,0,0,retained
SRR13921545.4009,100,100,100,100,0,0,0,retained
SRR13921545.4010,100,100,100,100,0,0,0,retained
SRR13921545.4011,100,100,100,100,0,0,0,retained
SRR13921545.4012,100,100,100,100,0,0,0,retained
SRR13921545.4013,100,100,100,100,0,0,0,retained
SRR13921545.4014,100,100,100,100,0,0,0,retained
SRR13921545.4015,100,100,100,100,0,0,0,retained
SRR13921545.4016,100,100,100,100,0,0,0,retained
SRR13921545.4017,100,100,100,100,0,0,0,retained
SRR13921545.4018,100,100,100,100,0,0,0,retained
SRR13921545.4019,100,100,100,100,0,0,0,retained
SRR13921545.4020,100,100,100,100,0,0,0,retained
SRR13921545.4021,100,100,100,100,0,0,0,retained
SRR13921545.4022,100,100,100,100,0,0,0,retained
SRR13921545.4023,100,100,100,100,0,0,0,retained
SRR13921545.4024,100,100,100,100,0,0,0,retained
SRR13921545.4025,100,100,100,100,0,0,0,retained
SRR13921545.4026,100,100,100,100,0,0,0,retained
SRR13921545.4027,100,100,100,100,0,0,0,retained
SRR13921545.4028,100,100,100,100,0,0,0,retained
SRR13921545.4029,100,100,100,100,0,0,0,retained
SRR13921545.4030,100,100,100,100,0,0,0,retained
SRR13921545.4031,100,100,100,100,0,0,0,retained
SRR13921545.4032,100,100,100,100,0,0,0,retained
SRR13921545.4033,100,100,100,100,0,0,0,retained
SRR13921545.4034,100,100,100,100,0,0,0,retained
SRR13921545.4035,100,100,100,100,0,0,0,retained
SRR13921545.4036,100,100,100,100,0,0,0,retained
SRR13921545.4037,100,100,100,100,0,0,0,retained
SRR13921545.4038,100,100,100,100,0,0,0,retained
SRR13921545.4039,100,100,100,100,0,0,0,retained
SRR13921545.4040,100,100,100,100,0,0,0,retained
SRR13921545.4041,100,100,100,100,0,0,0,retained
SRR13921545.4042,100,100,100,100,0,0,0,retained
SRR13921545.4043,100,100,100,100,0,0,0,retained
SRR13921545.4044,100,100,100,100,0,0,0,retained
SRR13921545.4045,100,100,100,100,0,0,0,retained
SRR13921545.4046,100,100,100,100,0,0,0,retained
SRR13921545.4047,100,100,100,100,0,0,0,retained
SRR13921545.4048,100,100,100,100,0,0,0,retained
SRR13921545.4049,100,100,100,100,0,0,0,retained
SRR13921545.4050,100,100,100,100,0,0,0,retained
SRR13921545.4051,100,100,100,100,0,0,0,retained
SRR13921545.4052,100,100,100,100,0,0,0,retained
SRR13921545.4053,100,100,100,100,0,0,0,retained
SRR13921545.4054,100,100,100,100,0,0,0,retained
SRR13921545.4055,100,100,100,100,0,0,0,retained
SRR13921545.4056,100,100,100,100,0,0,0,retained
SRR13921545.4057,100,100,100,100,0,0,0,retained
SRR13921545.4058,100,100,100,100,0,0,0,retained
SRR13921545.4059,100,100,100,100,0,0,0,retained
SRR13921545.4060,100,100,100,100,0,0,0,retained
SRR13921545.4061,100,100,100,100,0,0,0,retained
SRR13921545.4062,100,100,100,100,0,0,0,retained
SRR13921545.4063,100,100,100,100,0,0,0,retained
SRR13921545.4064,100,100,100,100,0,0,0,retained
SRR13921545.4065,100,100,100,100,0,0,0,retained
SRR13921545.4066,100,100,100,100,0,0,0,retained
SRR13921545.4067,100,100,100,100,0,0,0,retained
SRR13921545.4068,100,100,100,100,0,0,0,retained
SRR13921545.4069,100,100,100,100,0,0,0,retained
SRR13921545.4070,100,100,100,100,0,0,0,retained
SRR13921545.4071,100,100,100,100,0,0,0,retained
SRR13921545.4072,100,100,100,100,0,0,0,retained
SRR13921545.4073,100,100,100,100,0,0,0,retained
SRR13921545.4074,100,100,100,100,0,0,0,retained
SRR13921545.4075,100,100,100,100,0,0,0,retained
SRR13921545.4076,100,100,100,100,0,0,0,retained
SRR13921545.4077,100,100,100,100,0,0,0,retained
SRR13921545.4078,100,100,100,100,0,0,0,retained
SRR13921545.4079,100,100,100,100,0,0,0,retained
SRR13921545.4080,100,100,100,100,0,0,0,retained
SRR13921545.4081,100,100,100,100,0,0,0,retained
SRR13921545.4082,100,100,100,100,0,0,0,retained
SRR13921545.4083,100,100,100,100,0,0,0,retained
SRR13921545.4084,100,100,100,100,0,0,0,retained
SRR13921545.4085,100,100,100,100,0,0,0,retained
SRR13921545.4086,100,100,100,100,0,0,0,retained
SRR13921545.4087,100,100,100,100,0,0,0,retained
SRR13921545.4088,100,100,100,100,0,0,0,retained
SRR13921545.4089,100,100,100,100,0,0,0,retained
SRR13921545.4090,100,100,100,100,0,0,0,retained
SRR13921545.4091,100,100,100,100,0,0,0,retained
SRR13921545.4092,100,100,100,100,0,0,0,retained
SRR13921545.4093,100,100,100,100,0,0,0,retained
SRR13921545.4094,100,100,100,100,0,0,0,retained
SRR13921545.4095,100,100,100,100,0,0,0,retained
SRR13921545.4096,100,100,100,100,0,0,0,retained
SRR13921545.4097,100,99,99,99,1,0,1,retained
SRR13921545.4098,100,100,100,100,0,0,0,retained
SRR13921545.4099,100,100,100,100,0,0,0,retained
SRR13921545.4100,100,100,100,100,0,0,0,retained
SRR13921545.4101,100,100,100,100,0,0,0,retained
SRR13921545.4102,100,100,100,100,0,0,0,retained
SRR13921545.4103,100,100,100,100,0,0,0,retained
SRR13921545.4104,100,100,100,100,0,0,0,retained
SRR13921545.4105,100,100,100,100,0,0,0,retained
SRR13921545.4106,100,100,100,100,0,0,0,retained
SRR13921545.4107,100,100,100,100,0,0,0,retained
SRR13921545.4108,100,100,100,100,0,0,0,retained
SRR13921545.4109,100,100,100,100,0,0,0,retained
SRR13921545.4110,100,100,100,100,0,0,0,retained
SRR13921545.4111,100,100,100,100,0,0,0,retained
SRR13921545.4112,100,100,100,100,0,0,0,retained
SRR13921545.4113,100,100,100,100,0,0,0,retained
SRR13921545.4114,100,100,100,100,0,0,0,retained
SRR13921545.4115,100,100,100,100,0,0,0,retained
SRR13921545.4116,100,100,100,100,0,0,0,retained
SRR13921545.4117,100,100,100,100,0,0,0,retained
SRR13921545.4118,100,100,100,100,0,0,0,retained
SRR13921545.4119,100,100,100,100,0,0,0,retained
SRR13921545.4120,100,100,100,100,0,0,0,retained
SRR13921545.4121,100,100,100,100,0,0,0,retained
SRR13921545.4122,100,100,100,100,0,0,0,retained
SRR13921545.4123,100,100,100,100,0,0,0,retained
SRR13921545.4124,100,100,100,100,0,0,0,retained
SRR13921545.4125,100,100,100,100,0,0,0,retained
SRR13921545.4126,100,100,100,100,0,0,0,retained
SRR13921545.4127,100,100,100,100,0,0,0,retained
SRR13921545.4128,100,100,100,100,0,0,0,retained
SRR13921545.4129,100,100,100,100,0,0,0,retained
SRR13921545.4130,100,100,100,100,0,0,0,retained
SRR13921545.4131,100,100,100,100,0,0,0,retained
SRR13921545.4132,100,100,100,100,0,0,0,retained
SRR13921545.4133,100,100,100,100,0,0,0,retained
SRR13921545.4134,100,100,100,100,0,0,0,retained
SRR13921545.4135,100,100,100,100,0,0,0,retained
SRR13921545.4136,100,100,100,100,0,0,0,retained
SRR13921545.4137,100,100,100,100,0,0,0,retained
SRR13921545.4138,100,100,100,100,0,0,0,retained
SRR13921545.4139,100,100,100,100,0,0,0,retained
SRR13921545.4140,100,100,100,100,0,0,0,retained
SRR13921545.4141,100,100,100,100,0,0,0,retained
SRR13921545.4142,100,100,100,100,0,0,0,retained
SRR13921545.4143,100,100,100,100,0,0,0,retained
SRR13921545.4144,100,100,100,100,0,0,0,retained
SRR13921545.4145,100,100,100,100,0,0,0,retained
SRR13921545.4146,100,100,100,100,0,0,0,retained
SRR13921545.4147,100,100,100,100,0,0,0,retained
SRR13921545.4148,100,100,100,100,0,0,0,retained
SRR13921545.4149,100,100,100,100,0,0,0,retained
SRR13921545.4150,100,100,100,100,0,0,0,retained
SRR13921545.4151,100,100,92,92,0,8,8,retained
SRR13921545.4152,100,100,100,100,0,0,0,retained
SRR13921545.4153,100,100,100,100,0,0,0,retained
SRR13921545.4154,100,100,100,100,0,0,0,retained
SRR13921545.4155,100,100,100,100,0,0,0,retained
SRR13921545.4156,100,100,100,100,0,0,0,retained
SRR13921545.4157,100,100,100,100,0,0,0,retained
SRR13921545.4158,100,100,100,100,0,0,0,retained
SRR13921545.4159,100,100,100,100,0,0,0,retained
SRR13921545.4160,100,100,100,100,0,0,0,retained
SRR13921545.4161,100,100,100,100,0,0,0,retained
SRR13921545.4162,100,100,100,100,0,0,0,retained
SRR13921545.4163,100,100,100,100,0,0,0,retained
SRR13921545.4164,100,100,100,100,0,0,0,retained
SRR13921545.4165,100,100,100,100,0,0,0,retained
SRR13921545.4166,100,100,100,100,0,0,0,retained
SRR13921545.4167,100,100,100,100,0,0,0,retained
SRR13921545.4168,100,100,100,100,0,0,0,retained
SRR13921545.4169,100,100,100,100,0,0,0,retained
SRR13921545.4170,100,100,100,100,0,0,0,retained
SRR13921545.4171,100,100,100,100,0,0,0,retained
SRR13921545.4172,100,100,100,100,0,0,0,retained
SRR13921545.4173,100,100,100,100,0,0,0,retained
SRR13921545.4174,100,100,100,100,0,0,0,retained
SRR13921545.4175,100,100,100,100,0,0,0,retained
SRR13921545.4176,100,100,100,100,0,0,0,retained
SRR13921545.4177,100,99,99,99,1,0,1,retained
SRR13921545.4178,100,100,100,100,0,0,0,retained
SRR13921545.4179,100,100,100,100,0,0,0,retained
SRR13921545.4180,100,100,100,100,0,0,0,retained
SRR13921545.4181,100,100,100,100,0,0,0,retained
SRR13921545.4182,100,100,100,100,0,0,0,retained
SRR13921545.4183,100,100,100,100,0,0,0,retained
SRR13921545.4184,100,100,100,100,0,0,0,retained
SRR13921545.4185,100,100,100,100,0,0,0,retained
SRR13921545.4186,100,100,100,100,0,0,0,retained
SRR13921545.4187,100,100,100,100,0,0,0,retained
SRR13921545.4188,100,100,100,100,0,0,0,retained
SRR13921545.4189,100,100,100,100,0,0,0,retained
SRR13921545.4190,100,100,100,100,0,0,0,retained
SRR13921545.4191,100,100,100,100,0,0,0,retained
SRR13921545.4192,100,100,100,100,0,0,0,retained
SRR13921545.4193,100,100,100,100,0,0,0,retained
SRR13921545.4194,100,100,100,100,0,0,0,retained
SRR13921545.4195,100,100,100,100,0,0,0,retained
SRR13921545.4196,100,100,100,100,0,0,0,retained
SRR13921545.4197,100,100,100,100,0,0,0,retained
SRR13921545.4198,100,100,100,100,0,0,0,retained
SRR13921545.4199,100,100,100,100,0,0,0,retained
SRR13921545.4200,100,100,100,100,0,0,0,retained
SRR13921545.4201,100,100,100,100,0,0,0,retained
SRR13921545.4202,100,100,100,100,0,0,0,retained
SRR13921545.4203,100,100,100,100,0,0,0,retained
SRR13921545.4204,100,100,100,100,0,0,0,retained
SRR13921545.4205,100,100,100,100,0,0,0,retained
SRR13921545.4206,100,100,100,100,0,0,0,retained
SRR13921545.4207,100,100,100,100,0,0,0,retained
SRR13921545.4208,100,100,100,100,0,0,0,retained
SRR13921545.4209,100,100,100,100,0,0,0,retained
SRR13921545.4210,100,100,100,100,0,0,0,retained
SRR13921545.4211,100,100,100,100,0,0,0,retained
SRR13921545.4212,100,100,100,100,0,0,0,retained
SRR13921545.4213,100,100,100,100,0,0,0,retained
SRR13921545.4214,100,100,100,100,0,0,0,retained
SRR13921545.4215,100,100,100,100,0,0,0,retained
SRR13921545.4216,100,100,100,100,0,0,0,retained
SRR13921545.4217,100,100,100,100,0,0,0,retained
SRR13921545.4218,100,100,100,100,0,0,0,retained
SRR13921545.4219,100,100,100,100,0,0,0,retained
SRR13921545.4220,100,100,100,100,0,0,0,retained
SRR13921545.4221,100,100,100,100,0,0,0,retained
SRR13921545.4222,100,100,100,100,0,0,0,retained
SRR13921545.4223,100,100,100,100,0,0,0,retained
SRR13921545.4224,100,100,100,100,0,0,0,retained
SRR13921545.4225,100,100,100,100,0,0,0,retained
SRR13921545.4226,100,100,100,100,0,0,0,retained
SRR13921545.4227,100,100,100,100,0,0,0,retained
SRR13921545.4228,100,100,100,100,0,0,0,retained
SRR13921545.4229,100,100,100,100,0,0,0,retained
SRR13921545.4230,100,100,100,100,0,0,0,retained
SRR13921545.4231,100,100,100,100,0,0,0,retained
SRR13921545.4232,100,100,100,100,0,0,0,retained
SRR13921545.4233,100,100,100,100,0,0,0,retained
SRR13921545.4234,100,100,100,100,0,0,0,retained
SRR13921545.4235,100,100,100,100,0,0,0,retained
SRR13921545.4236,100,99,99,99,1,0,1,retained
SRR13921545.4237,100,100,100,100,0,0,0,retained
SRR13921545.4238,100,100,100,100,0,0,0,retained
SRR13921545.4239,100,100,100,100,0,0,0,retained
SRR13921545.4240,100,100,100,100,0,0,0,retained
SRR13921545.4241,100,100,100,100,0,0,0,retained
SRR13921545.4242,100,100,100,100,0,0,0,retained
SRR13921545.4243,100,100,100,100,0,0,0,retained
SRR13921545.4244,100,100,100,100,0,0,0,retained
SRR13921545.4245,100,100,100,100,0,0,0,retained
SRR13921545.4246,100,100,100,100,0,0,0,retained
SRR13921545.4247,100,100,100,100,0,0,0,retained
SRR13921545.4248,100,100,100,100,0,0,0,retained
SRR13921545.4249,100,100,100,100,0,0,0,retained
SRR13921545.4250,100,100,100,100,0,0,0,retained
SRR13921545.4251,100,100,100,100,0,0,0,retained
SRR13921545.4252,100,100,100,100,0,0,0,retained
SRR13921545.4253,100,100,100,100,0,0,0,retained
SRR13921545.4254,100,100,100,100,0,0,0,retained
SRR13921545.4255,100,100,100,100,0,0,0,retained
SRR13921545.4256,100,100,100,100,0,0,0,retained
SRR13921545.4257,100,100,100,100,0,0,0,retained
SRR13921545.4258,100,100,100,100,0,0,0,retained
SRR13921545.4259,100,100,100,100,0,0,0,retained
SRR13921545.4260,100,100,100,100,0,0,0,retained
SRR13921545.4261,100,100,100,100,0,0,0,retained
SRR13921545.4262,100,100,100,100,0,0,0,retained
SRR13921545.4263,100,100,100,100,0,0,0,retained
SRR13921545.4264,100,100,100,100,0,0,0,retained
SRR13921545.4265,100,100,100,100,0,0,0,retained
SRR13921545.4266,100,100,100,100,0,0,0,retained
SRR13921545.4267,100,100,100,100,0,0,0,retained
SRR13921545.4268,100,100,100,100,0,0,0,retained
SRR13921545.4269,100,100,100,100,0,0,0,retained
SRR13921545.4270,100,100,100,100,0,0,0,retained
SRR13921545.4271,100,100,100,100,0,0,0,retained
SRR13921545.4272,100,100,100,100,0,0,0,retained
SRR13921545.4273,100,100,100,100,0,0,0,retained
SRR13921545.4274,100,100,100,100,0,0,0,retained
SRR13921545.4275,100,100,100,100,0,0,0,retained
SRR13921545.4276,100,100,100,100,0,0,0,retained
SRR13921545.4277,100,100,100,100,0,0,0,retained
SRR13921545.4278,100,100,100,100,0,0,0,retained
SRR13921545.4279,100,100,100,100,0,0,0,retained
SRR13921545.4280,100,100,100,100,0,0,0,retained
SRR13921545.4281,100,100,100,100,0,0,0,retained
SRR13921545.4282,100,100,100,100,0,0,0,retained
SRR13921545.4283,100,100,100,100,0,0,0,retained
SRR13921545.4284,100,100,100,100,0,0,0,retained
SRR13921545.4285,100,100,100,100,0,0,0,retained
SRR13921545.4286,100,100,100,100,0,0,0,retained
SRR13921545.4287,100,100,100,100,0,0,0,retained
SRR13921545.4288,100,100,100,100,0,0,0,retained
SRR13921545.4289,100,100,100,100,0,0,0,retained
SRR13921545.4290,100,100,100,100,0,0,0,retained
SRR13921545.4291,100,100,100,100,0,0,0,retained
SRR13921545.4292,100,100,100,100,0,0,0,retained
SRR13921545.4293,100,100,100,100,0,0,0,retained
SRR13921545.4294,100,100,100,100,0,0,0,retained
SRR13921545.4295,100,100,100,100,0,0,0,retained
SRR13921545.4296,100,100,100,100,0,0,0,retained
SRR13921545.4297,100,100,100,100,0,0,0,retained
SRR13921545.4298,100,100,100,100,0,0,0,retained
SRR13921545.4299,100,100,100,100,0,0,0,retained
SRR13921545.4300,100,100,100,100,0,0,0,retained
SRR13921545.4301,100,100,100,100,0,0,0,retained
SRR13921545.4302,100,100,100,100,0,0,0,retained
SRR13921545.4303,100,100,100,100,0,0,0,retained
SRR13921545.4304,100,100,100,100,0,0,0,retained
SRR13921545.4305,100,100,100,100,0,0,0,retained
SRR13921545.4306,100,100,100,100,0,0,0,retained
SRR13921545.4307,100,100,100,100,0,0,0,retained
SRR13921545.4308,100,100,100,100,0,0,0,retained
SRR13921545.4309,100,100,100,100,0,0,0,retained
SRR13921545.4310,100,100,100,100,0,0,0,retained
SRR13921545.4311,100,100,100,100,0,0,0,retained
SRR13921545.4312,100,100,100,100,0,0,0,retained
SRR13921545.4313,100,100,100,100,0,0,0,retained
SRR13921545.4314,100,100,100,100,0,0,0,retained
SRR13921545.4315,100,100,100,100,0,0,0,retained
SRR13921545.4316,100,100,100,100,0,0,0,retained
SRR13921545.4317,100,100,100,100,0,0,0,retained
SRR13921545.4318,100,100,100,100,0,0,0,retained
SRR13921545.4319,100,100,100,100,0,0,0,retained
SRR13921545.4320,100,100,100,100,0,0,0,retained
SRR13921545.4321,100,100,100,100,0,0,0,retained
SRR13921545.4322,100,100,100,100,0,0,0,retained
SRR13921545.4323,100,100,100,100,0,0,0,retained
SRR13921545.4324,100,100,100,100,0,0,0,retained
SRR13921545.4325,100,100,100,100,0,0,0,retained
SRR13921545.4326,100,100,100,100,0,0,0,retained
SRR13921545.4327,100,100,100,100,0,0,0,retained
SRR13921545.4328,100,100,100,100,0,0,0,retained
SRR13921545.4329,100,100,100,100,0,0,0,retained
SRR13921545.4330,100,100,100,100,0,0,0,retained
SRR13921545.4331,100,100,100,100,0,0,0,retained
SRR13921545.4332,100,100,100,100,0,0,0,retained
SRR13921545.4333,100,100,100,100,0,0,0,retained
SRR13921545.4334,100,100,100,100,0,0,0,retained
SRR13921545.4335,100,100,100,100,0,0,0,retained
SRR13921545.4336,100,100,100,100,0,0,0,retained
SRR13921545.4337,100,100,100,100,0,0,0,retained
SRR13921545.4338,100,100,100,100,0,0,0,retained
SRR13921545.4339,100,100,100,100,0,0,0,retained
SRR13921545.4340,100,100,100,100,0,0,0,retained
SRR13921545.4341,100,100,100,100,0,0,0,retained
SRR13921545.4342,100,100,100,100,0,0,0,retained
SRR13921545.4343,100,100,100,100,0,0,0,retained
SRR13921545.4344,100,100,100,100,0,0,0,retained
SRR13921545.4345,100,100,100,100,0,0,0,retained
SRR13921545.4346,100,100,100,100,0,0,0,retained
SRR13921545.4347,100,100,100,100,0,0,0,retained
SRR13921545.4348,100,100,100,100,0,0,0,retained
SRR13921545.4349,100,100,100,100,0,0,0,retained
SRR13921545.4350,100,100,100,100,0,0,0,retained
SRR13921545.4351,100,100,100,100,0,0,0,retained
SRR13921545.4352,100,100,100,100,0,0,0,retained
SRR13921545.4353,100,100,100,100,0,0,0,retained
SRR13921545.4354,100,100,100,100,0,0,0,retained
SRR13921545.4355,100,100,100,100,0,0,0,retained
SRR13921545.4356,100,100,100,100,0,0,0,retained
SRR13921545.4357,100,100,100,100,0,0,0,retained
SRR13921545.4358,100,100,100,100,0,0,0,retained
SRR13921545.4359,100,100,100,100,0,0,0,retained
SRR13921545.4360,100,100,100,100,0,0,0,retained
SRR13921545.4361,100,100,100,100,0,0,0,retained
SRR13921545.4362,100,100,100,100,0,0,0,retained
SRR13921545.4363,100,100,100,100,0,0,0,retained
SRR13921545.4364,100,100,100,100,0,0,0,retained
SRR13921545.4365,100,100,100,100,0,0,0,retained
SRR13921545.4366,100,100,100,100,0,0,0,retained
SRR13921545.4367,100,100,100,100,0,0,0,retained
SRR13921545.4368,100,100,100,100,0,0,0,retained
SRR13921545.4369,100,100,100,100,0,0,0,retained
SRR13921545.4370,100,100,100,100,0,0,0,retained
SRR13921545.4371,100,100,100,100,0,0,0,retained
SRR13921545.4372,100,100,100,100,0,0,0,retained
SRR13921545.4373,100,100,100,100,0,0,0,retained
SRR13921545.4374,100,100,100,100,0,0,0,retained
SRR13921545.4375,100,100,100,100,0,0,0,retained
SRR13921545.4376,100,100,100,100,0,0,0,retained
SRR13921545.4377,100,100,100,100,0,0,0,retained
SRR13921545.4378,100,100,100,100,0,0,0,retained
SRR13921545.4379,100,100,100,100,0,0,0,retained
SRR13921545.4380,100,100,100,100,0,0,0,retained
SRR13921545.4381,100,100,100,100,0,0,0,retained
SRR13921545.4382,100,100,100,100,0,0,0,retained
SRR13921545.4383,100,100,100,100,0,0,0,retained
SRR13921545.4384,100,100,100,100,0,0,0,retained
SRR13921545.4385,100,100,100,100,0,0,0,retained
SRR13921545.4386,100,100,100,100,0,0,0,retained
SRR13921545.4387,100,100,100,100,0,0,0,retained
SRR13921545.4388,100,100,100,100,0,0,0,retained
SRR13921545.4389,100,100,100,100,0,0,0,retained
SRR13921545.4390,100,100,100,100,0,0,0,retained
SRR13921545.4391,100,100,100,100,0,0,0,retained
SRR13921545.4392,100,100,100,100,0,0,0,retained
SRR13921545.4393,100,100,100,100,0,0,0,retained
SRR13921545.4394,100,100,100,100,0,0,0,retained
SRR13921545.4395,100,100,100,100,0,0,0,retained
SRR13921545.4396,100,100,100,100,0,0,0,retained
SRR13921545.4397,100,100,100,100,0,0,0,retained
SRR13921545.4398,100,100,100,100,0,0,0,retained
SRR13921545.4399,100,100,100,100,0,0,0,retained
SRR13921545.4400,100,100,100,100,0,0,0,retained
SRR13921545.4401,100,100,100,100,0,0,0,retained
SRR13921545.4402,100,100,100,100,0,0,0,retained
SRR13921545.4403,100,100,100,100,0,0,0,retained
SRR13921545.4404,100,100,100,100,0,0,0,retained
SRR13921545.4405,100,100,100,100,0,0,0,retained
SRR13921545.4406,100,100,100,100,0,0,0,retained
SRR13921545.4407,100,100,100,100,0,0,0,retained
SRR13921545.4408,100,100,100,100,0,0,0,retained
SRR13921545.4409,100,100,100,100,0,0,0,retained
SRR13921545.4410,100,100,100,100,0,0,0,retained
SRR13921545.4411,100,100,100,100,0,0,0,retained
SRR13921545.4412,100,100,100,100,0,0,0,retained
SRR13921545.4413,100,100,84,84,0,16,16,retained
SRR13921545.4414,100,100,100,100,0,0,0,retained
SRR13921545.4415,100,100,100,100,0,0,0,retained
SRR13921545.4416,100,100,100,100,0,0,0,retained
SRR13921545.4417,100,100,100,100,0,0,0,retained
SRR13921545.4418,100,100,100,100,0,0,0,retained
SRR13921545.4419,100,100,100,100,0,0,0,retained
SRR13921545.4420,100,100,100,100,0,0,0,retained
SRR13921545.4421,100,98,98,98,2,0,2,retained
SRR13921545.4422,100,100,100,100,0,0,0,retained
SRR13921545.4423,100,100,100,100,0,0,0,retained
SRR13921545.4424,100,100,100,100,0,0,0,retained
SRR13921545.4425,100,100,100,100,0,0,0,retained
SRR13921545.4426,100,100,100,100,0,0,0,retained
SRR13921545.4427,100,100,100,100,0,0,0,retained
SRR13921545.4428,100,100,100,100,0,0,0,retained
SRR13921545.4429,100,100,100,100,0,0,0,retained
SRR13921545.4430,100,100,100,100,0,0,0,retained
SRR13921545.4431,100,100,100,100,0,0,0,retained
SRR13921545.4432,100,100,100,100,0,0,0,retained
SRR13921545.4433,100,100,100,100,0,0,0,retained
SRR13921545.4434,100,100,100,100,0,0,0,retained
SRR13921545.4435,100,100,100,100,0,0,0,retained
SRR13921545.4436,100,100,100,100,0,0,0,retained
SRR13921545.4437,100,100,100,100,0,0,0,retained
SRR13921545.4438,100,100,100,100,0,0,0,retained
SRR13921545.4439,100,100,100,100,0,0,0,retained
SRR13921545.4440,100,100,100,100,0,0,0,retained
SRR13921545.4441,100,100,100,100,0,0,0,retained
SRR13921545.4442,100,100,100,100,0,0,0,retained
SRR13921545.4443,100,100,100,100,0,0,0,retained
SRR13921545.4444,100,100,100,100,0,0,0,retained
SRR13921545.4445,100,100,100,100,0,0,0,retained
SRR13921545.4446,100,100,100,100,0,0,0,retained
SRR13921545.4447,100,100,100,100,0,0,0,retained
SRR13921545.4448,100,100,100,100,0,0,0,retained
SRR13921545.4449,100,100,100,100,0,0,0,retained
SRR13921545.4450,100,100,100,100,0,0,0,retained
SRR13921545.4451,100,100,100,100,0,0,0,retained
SRR13921545.4452,100,100,100,100,0,0,0,retained
SRR13921545.4453,100,100,100,100,0,0,0,retained
SRR13921545.4454,100,100,100,100,0,0,0,retained
SRR13921545.4455,100,100,100,100,0,0,0,retained
SRR13921545.4456,100,100,100,100,0,0,0,retained
SRR13921545.4457,100,100,100,100,0,0,0,retained
SRR13921545.4458,100,100,100,100,0,0,0,retained
SRR13921545.4459,100,100,100,100,0,0,0,retained
SRR13921545.4460,100,100,100,100,0,0,0,retained
SRR13921545.4461,100,100,100,100,0,0,0,retained
SRR13921545.4462,100,100,100,100,0,0,0,retained
SRR13921545.4463,100,100,100,100,0,0,0,retained
SRR13921545.4464,100,100,100,100,0,0,0,retained
SRR13921545.4465,100,100,100,100,0,0,0,retained
SRR13921545.4466,100,100,100,100,0,0,0,retained
SRR13921545.4467,100,100,100,100,0,0,0,retained
SRR13921545.4468,100,100,100,100,0,0,0,retained
SRR13921545.4469,100,100,100,100,0,0,0,retained
SRR13921545.4470,100,100,100,100,0,0,0,retained
SRR13921545.4471,100,100,100,100,0,0,0,retained
SRR13921545.4472,100,100,100,100,0,0,0,retained
SRR13921545.4473,100,100,100,100,0,0,0,retained
SRR13921545.4474,100,100,100,100,0,0,0,retained
SRR13921545.4475,100,100,100,100,0,0,0,retained
SRR13921545.4476,100,100,100,100,0,0,0,retained
SRR13921545.4477,100,100,100,100,0,0,0,retained
SRR13921545.4478,100,100,100,100,0,0,0,retained
SRR13921545.4479,100,100,100,100,0,0,0,retained
SRR13921545.4480,100,100,100,100,0,0,0,retained
SRR13921545.4481,100,100,100,100,0,0,0,retained
SRR13921545.4482,100,100,100,100,0,0,0,retained
SRR13921545.4483,100,100,100,100,0,0,0,retained
SRR13921545.4484,100,100,100,100,0,0,0,retained
SRR13921545.4485,100,100,100,100,0,0,0,retained
SRR13921545.4486,100,100,100,100,0,0,0,retained
SRR13921545.4487,100,100,100,100,0,0,0,retained
SRR13921545.4488,100,100,100,100,0,0,0,retained
SRR13921545.4489,100,100,100,100,0,0,0,retained
SRR13921545.4490,100,100,100,100,0,0,0,retained
SRR13921545.4491,100,100,100,100,0,0,0,retained
SRR13921545.4492,100,100,100,100,0,0,0,retained
SRR13921545.4493,100,100,100,100,0,0,0,retained
SRR13921545.4494,100,100,100,100,0,0,0,retained
SRR13921545.4495,100,100,100,100,0,0,0,retained
SRR13921545.4496,100,100,100,100,0,0,0,retained
SRR13921545.4497,100,100,100,100,0,0,0,retained
SRR13921545.4498,100,100,100,100,0,0,0,retained
SRR13921545.4499,100,100,100,100,0,0,0,retained
SRR13921545.4500,100,100,100,100,0,0,0,retained
SRR13921545.4501,100,100,100,100,0,0,0,retained
SRR13921545.4502,100,100,100,100,0,0,0,retained
SRR13921545.4503,100,100,100,100,0,0,0,retained
SRR13921545.4504,100,100,100,100,0,0,0,retained
SRR13921545.4505,100,100,100,100,0,0,0,retained
SRR13921545.4506,100,100,100,100,0,0,0,retained
SRR13921545.4507,100,100,100,100,0,0,0,retained
SRR13921545.4508,100,100,100,100,0,0,0,retained
SRR13921545.4509,100,100,100,100,0,0,0,retained
SRR13921545.4510,100,100,100,100,0,0,0,retained
SRR13921545.4511,100,100,100,100,0,0,0,retained
SRR13921545.4512,100,100,100,100,0,0,0,retained
SRR13921545.4513,100,100,100,100,0,0,0,retained
SRR13921545.4514,100,100,100,100,0,0,0,retained
SRR13921545.4515,100,100,100,100,0,0,0,retained
SRR13921545.4516,100,100,100,100,0,0,0,retained
SRR13921545.4517,100,100,100,100,0,0,0,retained
SRR13921545.4518,100,100,100,100,0,0,0,retained
SRR13921545.4519,100,100,100,100,0,0,0,retained
SRR13921545.4520,100,100,100,100,0,0,0,retained
SRR13921545.4521,100,100,100,100,0,0,0,retained
SRR13921545.4522,100,100,100,100,0,0,0,retained
SRR13921545.4523,100,100,100,100,0,0,0,retained
SRR13921545.4524,100,100,100,100,0,0,0,retained
SRR13921545.4525,100,100,100,100,0,0,0,retained
SRR13921545.4526,100,100,100,100,0,0,0,retained
SRR13921545.4527,100,100,100,100,0,0,0,retained
SRR13921545.4528,100,100,100,100,0,0,0,retained
SRR13921545.4529,100,100,100,100,0,0,0,retained
SRR13921545.4530,100,100,100,100,0,0,0,retained
SRR13921545.4531,100,100,100,100,0,0,0,retained
SRR13921545.4532,100,100,100,100,0,0,0,retained
SRR13921545.4533,100,100,100,100,0,0,0,retained
SRR13921545.4534,100,100,100,100,0,0,0,retained
SRR13921545.4535,100,100,100,100,0,0,0,retained
SRR13921545.4536,100,100,100,100,0,0,0,retained
SRR13921545.4537,100,100,100,100,0,0,0,retained
SRR13921545.4538,100,100,100,100,0,0,0,retained
SRR13921545.4539,100,100,100,100,0,0,0,retained
SRR13921545.4540,100,100,100,100,0,0,0,retained
SRR13921545.4541,100,100,100,100,0,0,0,retained
SRR13921545.4542,100,100,100,100,0,0,0,retained
SRR13921545.4543,100,100,100,100,0,0,0,retained
SRR13921545.4544,100,100,100,100,0,0,0,retained
SRR13921545.4545,100,100,100,100,0,0,0,retained
SRR13921545.4546,100,100,100,100,0,0,0,retained
SRR13921545.4547,100,100,100,100,0,0,0,retained
SRR13921545.4548,100,100,100,100,0,0,0,retained
SRR13921545.4549,100,100,100,100,0,0,0,retained
SRR13921545.4550,100,100,100,100,0,0,0,retained
SRR13921545.4551,100,100,100,100,0,0,0,retained
SRR13921545.4552,100,100,100,100,0,0,0,retained
SRR13921545.4553,100,100,100,100,0,0,0,retained
SRR13921545.4554,100,100,100,100,0,0,0,retained
SRR13921545.4555,100,100,100,100,0,0,0,retained
SRR13921545.4556,100,100,100,100,0,0,0,retained
SRR13921545.4557,100,100,100,100,0,0,0,retained
SRR13921545.4558,100,100,100,100,0,0,0,retained
SRR13921545.4559,100,100,100,100,0,0,0,retained
SRR13921545.4560,100,100,100,100,0,0,0,retained
SRR13921545.4561,100,100,100,100,0,0,0,retained
SRR13921545.4562,100,100,100,100,0,0,0,retained
SRR13921545.4563,100,100,100,100,0,0,0,retained
SRR13921545.4564,100,100,100,100,0,0,0,retained
SRR13921545.4565,100,100,100,100,0,0,0,retained
SRR13921545.4566,100,100,100,100,0,0,0,retained
SRR13921545.4567,100,100,100,100,0,0,0,retained
SRR13921545.4568,100,100,100,100,0,0,0,retained
SRR13921545.4569,100,100,100,100,0,0,0,retained
SRR13921545.4570,100,100,100,100,0,0,0,retained
SRR13921545.4571,100,100,100,100,0,0,0,retained
SRR13921545.4572,100,100,100,100,0,0,0,retained
SRR13921545.4573,100,100,100,100,0,0,0,retained
SRR13921545.4574,100,100,100,100,0,0,0,retained
SRR13921545.4575,100,100,100,100,0,0,0,retained
SRR13921545.4576,100,100,100,100,0,0,0,retained
SRR13921545.4577,100,100,100,100,0,0,0,retained
SRR13921545.4578,100,100,100,100,0,0,0,retained
SRR13921545.4579,100,100,100,100,0,0,0,retained
SRR13921545.4580,100,100,100,100,0,0,0,retained
SRR13921545.4581,100,100,100,100,0,0,0,retained
SRR13921545.4582,100,100,100,100,0,0,0,retained
SRR13921545.4583,100,100,100,100,0,0,0,retained
SRR13921545.4584,100,100,100,100,0,0,0,retained
SRR13921545.4585,100,100,100,100,0,0,0,retained
SRR13921545.4586,100,100,100,100,0,0,0,retained
SRR13921545.4587,100,100,100,100,0,0,0,retained
SRR13921545.4588,100,100,100,100,0,0,0,retained
SRR13921545.4589,100,100,100,100,0,0,0,retained
SRR13921545.4590,100,100,100,100,0,0,0,retained
SRR13921545.4591,100,100,100,100,0,0,0,retained
SRR13921545.4592,100,100,100,100,0,0,0,retained
SRR13921545.4593,100,100,100,100,0,0,0,retained
SRR13921545.4594,100,100,100,100,0,0,0,retained
SRR13921545.4595,100,100,100,100,0,0,0,retained
SRR13921545.4596,100,100,100,100,0,0,0,retained
SRR13921545.4597,100,100,100,100,0,0,0,retained
SRR13921545.4598,100,100,100,100,0,0,0,retained
SRR13921545.4599,100,100,100,100,0,0,0,retained
SRR13921545.4600,100,100,100,100,0,0,0,retained
SRR13921545.4601,100,100,100,100,0,0,0,retained
SRR13921545.4602,100,100,100,100,0,0,0,retained
SRR13921545.4603,100,100,100,100,0,0,0,retained
SRR13921545.4604,100,100,100,100,0,0,0,retained
SRR13921545.4605,100,100,100,100,0,0,0,retained
SRR13921545.4606,100,100,100,100,0,0,0,retained
SRR13921545.4607,100,100,100,100,0,0,0,retained
SRR13921545.4608,100,100,100,100,0,0,0,retained
SRR13921545.4609,100,100,100,100,0,0,0,retained
SRR13921545.4610,100,100,100,100,0,0,0,retained
SRR13921545.4611,100,100,100,100,0,0,0,retained
SRR13921545.4612,100,100,100,100,0,0,0,retained
SRR13921545.4613,100,100,100,100,0,0,0,retained
SRR13921545.4614,100,100,100,100,0,0,0,retained
SRR13921545.4615,100,100,100,100,0,0,0,retained
SRR13921545.4616,100,100,78,78,0,22,22,retained
SRR13921545.4617,100,100,100,100,0,0,0,retained
SRR13921545.4618,100,99,99,99,1,0,1,retained
SRR13921545.4619,100,100,100,100,0,0,0,retained
SRR13921545.4620,100,100,100,100,0,0,0,retained
SRR13921545.4621,100,100,100,100,0,0,0,retained
SRR13921545.4622,100,100,100,100,0,0,0,retained
SRR13921545.4623,100,100,100,100,0,0,0,retained
SRR13921545.4624,100,100,100,100,0,0,0,retained
SRR13921545.4625,100,100,100,100,0,0,0,retained
SRR13921545.4626,100,100,100,100,0,0,0,retained
SRR13921545.4627,100,100,100,100,0,0,0,retained
SRR13921545.4628,100,100,100,100,0,0,0,retained
SRR13921545.4629,100,100,100,100,0,0,0,retained
SRR13921545.4630,100,100,100,100,0,0,0,retained
SRR13921545.4631,100,100,100,100,0,0,0,retained
SRR13921545.4632,100,100,100,100,0,0,0,retained
SRR13921545.4633,100,100,100,100,0,0,0,retained
SRR13921545.4634,100,100,100,100,0,0,0,retained
SRR13921545.4635,100,100,100,100,0,0,0,retained
SRR13921545.4636,100,100,100,100,0,0,0,retained
SRR13921545.4637,100,100,100,100,0,0,0,retained
SRR13921545.4638,100,100,100,100,0,0,0,retained
SRR13921545.4639,100,100,100,100,0,0,0,retained
SRR13921545.4640,100,100,100,100,0,0,0,retained
SRR13921545.4641,100,100,100,100,0,0,0,retained
SRR13921545.4642,100,100,100,100,0,0,0,retained
SRR13921545.4643,100,100,100,100,0,0,0,retained
SRR13921545.4644,100,100,100,100,0,0,0,retained
SRR13921545.4645,100,100,100,100,0,0,0,retained
SRR13921545.4646,100,100,100,100,0,0,0,retained
SRR13921545.4647,100,100,100,100,0,0,0,retained
SRR13921545.4648,100,100,100,100,0,0,0,retained
SRR13921545.4649,100,100,100,100,0,0,0,retained
SRR13921545.4650,100,100,100,100,0,0,0,retained
SRR13921545.4651,100,100,100,100,0,0,0,retained
SRR13921545.4652,100,100,100,100,0,0,0,retained
SRR13921545.4653,100,100,100,100,0,0,0,retained
SRR13921545.4654,100,100,100,100,0,0,0,retained
SRR13921545.4655,100,100,100,100,0,0,0,retained
SRR13921545.4656,100,100,100,100,0,0,0,retained
SRR13921545.4657,100,100,100,100,0,0,0,retained
SRR13921545.4658,100,100,100,100,0,0,0,retained
SRR13921545.4659,100,100,100,100,0,0,0,retained
SRR13921545.4660,100,100,100,100,0,0,0,retained
SRR13921545.4661,100,100,100,100,0,0,0,retained
SRR13921545.4662,100,100,100,100,0,0,0,retained
SRR13921545.4663,100,100,100,100,0,0,0,retained
SRR13921545.4664,100,100,100,100,0,0,0,retained
SRR13921545.4665,100,100,100,100,0,0,0,retained
SRR13921545.4666,100,100,100,100,0,0,0,retained
SRR13921545.4667,100,100,100,100,0,0,0,retained
SRR13921545.4668,100,100,100,100,0,0,0,retained
SRR13921545.4669,100,100,100,100,0,0,0,retained
SRR13921545.4670,100,100,100,100,0,0,0,retained
SRR13921545.4671,100,100,100,100,0,0,0,retained
SRR13921545.4672,100,100,100,100,0,0,0,retained
SRR13921545.4673,100,100,100,100,0,0,0,retained
SRR13921545.4674,100,100,100,100,0,0,0,retained
SRR13921545.4675,100,100,100,100,0,0,0,retained
SRR13921545.4676,100,100,100,100,0,0,0,retained
SRR13921545.4677,100,100,100,100,0,0,0,retained
SRR13921545.4678,100,100,100,100,0,0,0,retained
SRR13921545.4679,100,100,100,100,0,0,0,retained
SRR13921545.4680,100,100,100,100,0,0,0,retained
SRR13921545.4681,100,100,100,100,0,0,0,retained
SRR13921545.4682,100,100,100,100,0,0,0,retained
SRR13921545.4683,100,100,100,100,0,0,0,retained
SRR13921545.4684,100,100,100,100,0,0,0,retained
SRR13921545.4685,100,99,99,99,1,0,1,retained
SRR13921545.4686,100,99,99,99,1,0,1,retained
SRR13921545.4687,100,100,100,100,0,0,0,retained
SRR13921545.4688,100,100,100,100,0,0,0,retained
SRR13921545.4689,100,100,100,100,0,0,0,retained
SRR13921545.4690,100,100,100,100,0,0,0,retained
SRR13921545.4691,100,100,100,100,0,0,0,retained
SRR13921545.4692,100,100,100,100,0,0,0,retained
SRR13921545.4693,100,100,100,100,0,0,0,retained
SRR13921545.4694,100,100,100,100,0,0,0,retained
SRR13921545.4695,100,100,100,100,0,0,0,retained
SRR13921545.4696,100,100,100,100,0,0,0,retained
SRR13921545.4697,100,100,100,100,0,0,0,retained
SRR13921545.4698,100,100,100,100,0,0,0,retained
SRR13921545.4699,100,100,100,100,0,0,0,retained
SRR13921545.4700,100,100,100,100,0,0,0,retained
SRR13921545.4701,100,100,100,100,0,0,0,retained
SRR13921545.4702,100,100,100,100,0,0,0,retained
SRR13921545.4703,100,100,100,100,0,0,0,retained
SRR13921545.4704,100,100,100,100,0,0,0,retained
SRR13921545.4705,100,100,100,100,0,0,0,retained
SRR13921545.4706,100,100,100,100,0,0,0,retained
SRR13921545.4707,100,100,100,100,0,0,0,retained
SRR13921545.4708,100,100,100,100,0,0,0,retained
SRR13921545.4709,100,100,100,100,0,0,0,retained
SRR13921545.4710,100,100,100,100,0,0,0,retained
SRR13921545.4711,100,100,100,100,0,0,0,retained
SRR13921545.4712,100,100,100,100,0,0,0,retained
SRR13921545.4713,100,100,100,100,0,0,0,retained
SRR13921545.4714,100,100,100,100,0,0,0,retained
SRR13921545.4715,100,100,100,100,0,0,0,retained
SRR13921545.4716,100,100,100,100,0,0,0,retained
SRR13921545.4717,100,100,100,100,0,0,0,retained
SRR13921545.4718,100,100,100,100,0,0,0,retained
SRR13921545.4719,100,100,100,100,0,0,0,retained
SRR13921545.4720,100,100,100,100,0,0,0,retained
SRR13921545.4721,100,100,100,100,0,0,0,retained
SRR13921545.4722,100,100,100,100,0,0,0,retained
SRR13921545.4723,100,100,100,100,0,0,0,retained
SRR13921545.4724,100,100,100,100,0,0,0,retained
SRR13921545.4725,100,100,100,100,0,0,0,retained
SRR13921545.4726,100,100,100,100,0,0,0,retained
SRR13921545.4727,100,100,100,100,0,0,0,retained
SRR13921545.4728,100,100,100,100,0,0,0,retained
SRR13921545.4729,100,100,100,100,0,0,0,retained
SRR13921545.4730,100,100,100,100,0,0,0,retained
SRR13921545.4731,100,100,77,77,0,23,23,retained
SRR13921545.4732,100,100,100,100,0,0,0,retained
SRR13921545.4733,100,100,100,100,0,0,0,retained
SRR13921545.4734,100,100,100,100,0,0,0,retained
SRR13921545.4735,100,100,100,100,0,0,0,retained
SRR13921545.4736,100,100,100,100,0,0,0,retained
SRR13921545.4737,100,100,100,100,0,0,0,retained
SRR13921545.4738,100,100,100,100,0,0,0,retained
SRR13921545.4739,100,100,100,100,0,0,0,retained
SRR13921545.4740,100,100,100,100,0,0,0,retained
SRR13921545.4741,100,99,99,99,1,0,1,retained
SRR13921545.4742,100,100,100,100,0,0,0,retained
SRR13921545.4743,100,100,100,100,0,0,0,retained
SRR13921545.4744,100,100,100,100,0,0,0,retained
SRR13921545.4745,100,100,100,100,0,0,0,retained
SRR13921545.4746,100,100,100,100,0,0,0,retained
SRR13921545.4747,100,100,100,100,0,0,0,retained
SRR13921545.4748,100,100,100,100,0,0,0,retained
SRR13921545.4749,100,100,100,100,0,0,0,retained
SRR13921545.4750,100,100,100,100,0,0,0,retained
SRR13921545.4751,100,100,100,100,0,0,0,retained
SRR13921545.4752,100,100,100,100,0,0,0,retained
SRR13921545.4753,100,100,100,100,0,0,0,retained
SRR13921545.4754,100,100,100,100,0,0,0,retained
SRR13921545.4755,100,100,100,100,0,0,0,retained
SRR13921545.4756,100,100,100,100,0,0,0,retained
SRR13921545.4757,100,100,100,100,0,0,0,retained
SRR13921545.4758,100,100,100,100,0,0,0,retained
SRR13921545.4759,100,100,100,100,0,0,0,retained
SRR13921545.4760,100,100,100,100,0,0,0,retained
SRR13921545.4761,100,100,100,100,0,0,0,retained
SRR13921545.4762,100,100,100,100,0,0,0,retained
SRR13921545.4763,100,100,100,100,0,0,0,retained
SRR13921545.4764,100,100,100,100,0,0,0,retained
SRR13921545.4765,100,100,100,100,0,0,0,retained
SRR13921545.4766,100,100,100,100,0,0,0,retained
SRR13921545.4767,100,100,100,100,0,0,0,retained
SRR13921545.4768,100,100,100,100,0,0,0,retained
SRR13921545.4769,100,100,100,100,0,0,0,retained
SRR13921545.4770,100,100,100,100,0,0,0,retained
SRR13921545.4771,100,100,100,100,0,0,0,retained
SRR13921545.4772,100,100,100,100,0,0,0,retained
SRR13921545.4773,100,100,100,100,0,0,0,retained
SRR13921545.4774,100,100,100,100,0,0,0,retained
SRR13921545.4775,100,100,100,100,0,0,0,retained
SRR13921545.4776,100,100,100,100,0,0,0,retained
SRR13921545.4777,100,100,100,100,0,0,0,retained
SRR13921545.4778,100,100,91,91,0,9,9,retained
SRR13921545.4779,100,100,100,100,0,0,0,retained
SRR13921545.4780,100,100,100,100,0,0,0,retained
SRR13921545.4781,100,100,100,100,0,0,0,retained
SRR13921545.4782,100,100,100,100,0,0,0,retained
SRR13921545.4783,100,100,100,100,0,0,0,retained
SRR13921545.4784,100,100,100,100,0,0,0,retained
SRR13921545.4785,100,100,100,100,0,0,0,retained
SRR13921545.4786,100,100,100,100,0,0,0,retained
SRR13921545.4787,100,100,100,100,0,0,0,retained
SRR13921545.4788,100,100,100,100,0,0,0,retained
SRR13921545.4789,100,100,100,100,0,0,0,retained
SRR13921545.4790,100,100,100,100,0,0,0,retained
SRR13921545.4791,100,100,100,100,0,0,0,retained
SRR13921545.4792,100,100,100,100,0,0,0,retained
SRR13921545.4793,100,100,100,100,0,0,0,retained
SRR13921545.4794,100,100,100,100,0,0,0,retained
SRR13921545.4795,100,100,100,100,0,0,0,retained
SRR13921545.4796,100,100,100,100,0,0,0,retained
SRR13921545.4797,100,100,100,100,0,0,0,retained
SRR13921545.4798,100,100,100,100,0,0,0,retained
SRR13921545.4799,100,100,100,100,0,0,0,retained
SRR13921545.4800,100,100,100,100,0,0,0,retained
SRR13921545.4801,100,100,100,100,0,0,0,retained
SRR13921545.4802,100,100,100,100,0,0,0,retained
SRR13921545.4803,100,100,100,100,0,0,0,retained
SRR13921545.4804,100,100,100,100,0,0,0,retained
SRR13921545.4805,100,100,100,100,0,0,0,retained
SRR13921545.4806,100,100,100,100,0,0,0,retained
SRR13921545.4807,100,100,100,100,0,0,0,retained
SRR13921545.4808,100,100,100,100,0,0,0,retained
SRR13921545.4809,100,100,100,100,0,0,0,retained
SRR13921545.4810,100,100,100,100,0,0,0,retained
SRR13921545.4811,100,100,100,100,0,0,0,retained
SRR13921545.4812,100,100,100,100,0,0,0,retained
SRR13921545.4813,100,100,100,100,0,0,0,retained
SRR13921545.4814,100,100,100,100,0,0,0,retained
SRR13921545.4815,100,100,100,100,0,0,0,retained
SRR13921545.4816,100,100,100,100,0,0,0,retained
SRR13921545.4817,100,100,100,100,0,0,0,retained
SRR13921545.4818,100,100,100,100,0,0,0,retained
SRR13921545.4819,100,100,100,100,0,0,0,retained
SRR13921545.4820,100,100,100,100,0,0,0,retained
SRR13921545.4821,100,100,100,100,0,0,0,retained
SRR13921545.4822,100,100,100,100,0,0,0,retained
SRR13921545.4823,100,100,100,100,0,0,0,retained
SRR13921545.4824,100,100,100,100,0,0,0,retained
SRR13921545.4825,100,100,100,100,0,0,0,retained
SRR13921545.4826,100,100,100,100,0,0,0,retained
SRR13921545.4827,100,100,100,100,0,0,0,retained
SRR13921545.4828,100,100,100,100,0,0,0,retained
SRR13921545.4829,100,100,100,100,0,0,0,retained
SRR13921545.4830,100,100,100,100,0,0,0,retained
SRR13921545.4831,100,100,100,100,0,0,0,retained
SRR13921545.4832,100,100,100,100,0,0,0,retained
SRR13921545.4833,100,100,100,100,0,0,0,retained
SRR13921545.4834,100,100,100,100,0,0,0,retained
SRR13921545.4835,100,100,100,100,0,0,0,retained
SRR13921545.4836,100,100,100,100,0,0,0,retained
SRR13921545.4837,100,100,100,100,0,0,0,retained
SRR13921545.4838,100,100,100,100,0,0,0,retained
SRR13921545.4839,100,100,100,100,0,0,0,retained
SRR13921545.4840,100,100,67,67,0,33,33,discarded_too_short
SRR13921545.4841,100,100,100,100,0,0,0,retained
SRR13921545.4842,100,100,100,100,0,0,0,retained
SRR13921545.4843,100,100,100,100,0,0,0,retained
SRR13921545.4844,100,100,100,100,0,0,0,retained
SRR13921545.4845,100,100,100,100,0,0,0,retained
SRR13921545.4846,100,100,100,100,0,0,0,retained
SRR13921545.4847,100,100,100,100,0,0,0,retained
SRR13921545.4848,100,100,100,100,0,0,0,retained
SRR13921545.4849,100,100,100,100,0,0,0,retained
SRR13921545.4850,100,100,100,100,0,0,0,retained
SRR13921545.4851,100,100,100,100,0,0,0,retained
SRR13921545.4852,100,100,100,100,0,0,0,retained
SRR13921545.4853,100,100,100,100,0,0,0,retained
SRR13921545.4854,100,100,100,100,0,0,0,retained
SRR13921545.4855,100,100,100,100,0,0,0,retained
SRR13921545.4856,100,100,100,100,0,0,0,retained
SRR13921545.4857,100,100,100,100,0,0,0,retained
SRR13921545.4858,100,100,100,100,0,0,0,retained
SRR13921545.4859,100,100,100,100,0,0,0,retained
SRR13921545.4860,100,100,100,100,0,0,0,retained
SRR13921545.4861,100,100,100,100,0,0,0,retained
SRR13921545.4862,100,100,100,100,0,0,0,retained
SRR13921545.4863,100,100,100,100,0,0,0,retained
SRR13921545.4864,100,100,100,100,0,0,0,retained
SRR13921545.4865,100,100,100,100,0,0,0,retained
SRR13921545.4866,100,100,100,100,0,0,0,retained
SRR13921545.4867,100,100,100,100,0,0,0,retained
SRR13921545.4868,100,99,99,99,1,0,1,retained
SRR13921545.4869,100,100,100,100,0,0,0,retained
SRR13921545.4870,100,100,100,100,0,0,0,retained
SRR13921545.4871,100,100,100,100,0,0,0,retained
SRR13921545.4872,100,100,100,100,0,0,0,retained
SRR13921545.4873,100,100,100,100,0,0,0,retained
SRR13921545.4874,100,100,100,100,0,0,0,retained
SRR13921545.4875,100,100,100,100,0,0,0,retained
SRR13921545.4876,100,100,100,100,0,0,0,retained
SRR13921545.4877,100,100,100,100,0,0,0,retained
SRR13921545.4878,100,100,100,100,0,0,0,retained
SRR13921545.4879,100,100,100,100,0,0,0,retained
SRR13921545.4880,100,100,100,100,0,0,0,retained
SRR13921545.4881,100,100,100,100,0,0,0,retained
SRR13921545.4882,100,100,100,100,0,0,0,retained
SRR13921545.4883,100,100,100,100,0,0,0,retained
SRR13921545.4884,100,100,100,100,0,0,0,retained
SRR13921545.4885,100,100,100,100,0,0,0,retained
SRR13921545.4886,100,100,100,100,0,0,0,retained
SRR13921545.4887,100,100,100,100,0,0,0,retained
SRR13921545.4888,100,100,100,100,0,0,0,retained
SRR13921545.4889,100,100,100,100,0,0,0,retained
SRR13921545.4890,100,100,100,100,0,0,0,retained
SRR13921545.4891,100,100,100,100,0,0,0,retained
SRR13921545.4892,100,100,100,100,0,0,0,retained
SRR13921545.4893,100,100,100,100,0,0,0,retained
SRR13921545.4894,100,100,100,100,0,0,0,retained
SRR13921545.4895,100,100,100,100,0,0,0,retained
SRR13921545.4896,100,100,100,100,0,0,0,retained
SRR13921545.4897,100,100,100,100,0,0,0,retained
SRR13921545.4898,100,100,100,100,0,0,0,retained
SRR13921545.4899,100,100,100,100,0,0,0,retained
SRR13921545.4900,100,100,100,100,0,0,0,retained
SRR13921545.4901,100,100,100,100,0,0,0,retained
SRR13921545.4902,100,100,100,100,0,0,0,retained
SRR13921545.4903,100,100,100,100,0,0,0,retained
SRR13921545.4904,100,100,100,100,0,0,0,retained
SRR13921545.4905,100,100,100,100,0,0,0,retained
SRR13921545.4906,100,100,100,100,0,0,0,retained
SRR13921545.4907,100,100,100,100,0,0,0,retained
SRR13921545.4908,100,100,100,100,0,0,0,retained
SRR13921545.4909,100,100,100,100,0,0,0,retained
SRR13921545.4910,100,100,100,100,0,0,0,retained
SRR13921545.4911,100,100,100,100,0,0,0,retained
SRR13921545.4912,100,100,100,100,0,0,0,retained
SRR13921545.4913,100,100,100,100,0,0,0,retained
SRR13921545.4914,100,100,100,100,0,0,0,retained
SRR13921545.4915,100,100,100,100,0,0,0,retained
SRR13921545.4916,100,100,100,100,0,0,0,retained
SRR13921545.4917,100,100,100,100,0,0,0,retained
SRR13921545.4918,100,100,100,100,0,0,0,retained
SRR13921545.4919,100,100,100,100,0,0,0,retained
SRR13921545.4920,100,100,100,100,0,0,0,retained
SRR13921545.4921,100,100,100,100,0,0,0,retained
SRR13921545.4922,100,100,100,100,0,0,0,retained
SRR13921545.4923,100,100,100,100,0,0,0,retained
SRR13921545.4924,100,100,100,100,0,0,0,retained
SRR13921545.4925,100,100,100,100,0,0,0,retained
SRR13921545.4926,100,100,100,100,0,0,0,retained
SRR13921545.4927,100,100,100,100,0,0,0,retained
SRR13921545.4928,100,100,100,100,0,0,0,retained
SRR13921545.4929,100,100,100,100,0,0,0,retained
SRR13921545.4930,100,100,100,100,0,0,0,retained
SRR13921545.4931,100,100,100,100,0,0,0,retained
SRR13921545.4932,100,100,100,100,0,0,0,retained
SRR13921545.4933,100,100,100,100,0,0,0,retained
SRR13921545.4934,100,100,100,100,0,0,0,retained
SRR13921545.4935,100,100,100,100,0,0,0,retained
SRR13921545.4936,100,100,100,100,0,0,0,retained
SRR13921545.4937,100,100,100,100,0,0,0,retained
SRR13921545.4938,100,100,100,100,0,0,0,retained
SRR13921545.4939,100,100,100,100,0,0,0,retained
SRR13921545.4940,100,100,100,100,0,0,0,retained
SRR13921545.4941,100,100,100,100,0,0,0,retained
SRR13921545.4942,100,100,100,100,0,0,0,retained
SRR13921545.4943,100,100,100,100,0,0,0,retained
SRR13921545.4944,100,100,100,100,0,0,0,retained
SRR13921545.4945,100,100,100,100,0,0,0,retained
SRR13921545.4946,100,100,100,100,0,0,0,retained
SRR13921545.4947,100,100,100,100,0,0,0,retained
SRR13921545.4948,100,100,100,100,0,0,0,retained
SRR13921545.4949,100,100,100,100,0,0,0,retained
SRR13921545.4950,100,100,100,100,0,0,0,retained
SRR13921545.4951,100,100,100,100,0,0,0,retained
SRR13921545.4952,100,100,100,100,0,0,0,retained
SRR13921545.4953,100,100,100,100,0,0,0,retained
SRR13921545.4954,100,100,100,100,0,0,0,retained
SRR13921545.4955,100,100,100,100,0,0,0,retained
SRR13921545.4956,100,100,100,100,0,0,0,retained
SRR13921545.4957,100,100,100,100,0,0,0,retained
SRR13921545.4958,100,100,100,100,0,0,0,retained
SRR13921545.4959,100,100,100,100,0,0,0,retained
SRR13921545.4960,100,100,100,100,0,0,0,retained
SRR13921545.4961,100,100,100,100,0,0,0,retained
SRR13921545.4962,100,100,100,100,0,0,0,retained
SRR13921545.4963,100,100,100,100,0,0,0,retained
SRR13921545.4964,100,100,100,100,0,0,0,retained
SRR13921545.4965,100,100,100,100,0,0,0,retained
SRR13921545.4966,100,100,100,100,0,0,0,retained
SRR13921545.4967,100,100,100,100,0,0,0,retained
SRR13921545.4968,100,100,100,100,0,0,0,retained
SRR13921545.4969,100,100,100,100,0,0,0,retained
SRR13921545.4970,100,100,100,100,0,0,0,retained
SRR13921545.4971,100,100,100,100,0,0,0,retained
SRR13921545.4972,100,100,100,100,0,0,0,retained
SRR13921545.4973,100,100,100,100,0,0,0,retained
SRR13921545.4974,100,100,100,100,0,0,0,retained
SRR13921545.4975,100,100,100,100,0,0,0,retained
SRR13921545.4976,100,100,100,100,0,0,0,retained
SRR13921545.4977,100,100,100,100,0,0,0,retained
SRR13921545.4978,100,100,100,100,0,0,0,retained
SRR13921545.4979,100,100,100,100,0,0,0,retained
SRR13921545.4980,100,100,100,100,0,0,0,retained
SRR13921545.4981,100,100,100,100,0,0,0,retained
SRR13921545.4982,100,100,100,100,0,0,0,retained
SRR13921545.4983,100,100,100,100,0,0,0,retained
SRR13921545.4984,100,100,100,100,0,0,0,retained
SRR13921545.4985,100,100,100,100,0,0,0,retained
SRR13921545.4986,100,100,100,100,0,0,0,retained
SRR13921545.4987,100,100,100,100,0,0,0,retained
SRR13921545.4988,100,100,100,100,0,0,0,retained
SRR13921545.4989,100,100,100,100,0,0,0,retained
SRR13921545.4990,100,100,100,100,0,0,0,retained
SRR13921545.4991,100,100,100,100,0,0,0,retained
SRR13921545.4992,100,100,100,100,0,0,0,retained
SRR13921545.4993,100,100,100,100,0,0,0,retained
SRR13921545.4994,100,100,100,100,0,0,0,retained
SRR13921545.4995,100,100,100,100,0,0,0,retained
SRR13921545.4996,100,100,100,100,0,0,0,retained
SRR13921545.4997,100,100,100,100,0,0,0,retained
SRR13921545.4998,100,100,100,100,0,0,0,retained
SRR13921545.4999,100,100,100,100,0,0,0,retained
SRR13921545.5000,100,100,100,100,0,0,0,retained
